Roll No,MA1000,PH1000,EC1000,CS1000,ME1000,DS1000,MA1001,CS1002,DS1001,DS2000,ME2001,ME2002,ME2003,DS2001,ME2005,ME2006,ME2007,CS2005,DS3000,ME3000,ME3001,DS30001,MA1000,PH1000,EC1000,CS1000,ME1000,DS1000,MA1001,ME1001,CS1002,DS1001,ME1002,DS2000,ME2003,ME2011,EC2005,ME2012,CS2006,DS2001,ME2007,ME2014,ME2015,MA1000,PH1000,EC1000,CS1000,DS1000,ME1000,ME1001,CS1002,MA1001,DS1001,EC1001,DS2000,EC2000,EC2001,EC2002,EC2003,DS2001,EC2007,EC2008,EC2009,MA1000,PH1000,EC1000,CS1000,ME1000,DS1000,MA1001,ME1001,CS1002,MA1002,CS1005,CS2005,CS2000,CS2001,CS2002,CS2012,MA2000,CS2007,CS2008,CS2009,MA1000,PH1000,EC1000,CS1000,ME1000,DS1000,MA1001,ME1001,CS1002,DS1001,CS1005,DS2000,CS2000,CS2001,CS2002,DS2001,CS2007,CS2008,CS2009
CS22B1001,,,,,,,,,,,,,,,,,,,,,,,,,,,,,,,,,,,,,,,,,,,,,,,,,,,,,,,,,,,,,,,,,,,,,,,,,,,,,,,,,,,,A,E,A,S,E,E,S,D,A,D,A,E,D,C,A,S,S,B,A
CS22B1002,,,,,,,,,,,,,,,,,,,,,,,,,,,,,,,,,,,,,,,,,,,,,,,,,,,,,,,,,,,,,,,,,,,,,,,,,,,,,,,,,,,,C,S,E,E,E,C,E,S,B,D,S,B,B,S,E,B,A,B,B
CS22B1003,,,,,,,,,,,,,,,,,,,,,,,,,,,,,,,,,,,,,,,,,,,,,,,,,,,,,,,,,,,,,,,,,,,,,,,,,,,,,,,,,,,,A,B,A,A,S,E,C,S,C,A,A,C,B,D,S,C,D,C,C
CS22B1004,,,,,,,,,,,,,,,,,,,,,,,,,,,,,,,,,,,,,,,,,,,,,,,,,,,,,,,,,,,,,,,,,,,,,,,,,,,,,,,,,,,,A,B,S,A,B,D,B,C,C,A,D,A,E,C,D,S,C,D,D
CS22B1005,,,,,,,,,,,,,,,,,,,,,,,,,,,,,,,,,,,,,,,,,,,,,,,,,,,,,,,,,,,,,,,,,,,,,,,,,,,,,,,,,,,,B,S,B,S,S,S,D,D,A,S,C,S,B,B,S,D,E,D,D
CS22B1006,,,,,,,,,,,,,,,,,,,,,,,,,,,,,,,,,,,,,,,,,,,,,,,,,,,,,,,,,,,,,,,,,,,,,,,,,,,,,,,,,,,,A,C,B,A,B,D,C,S,D,A,E,E,E,E,E,D,B,A,E
CS22B1007,,,,,,,,,,,,,,,,,,,,,,,,,,,,,,,,,,,,,,,,,,,,,,,,,,,,,,,,,,,,,,,,,,,,,,,,,,,,,,,,,,,,B,B,D,D,C,A,D,B,E,D,D,A,D,D,S,S,S,D,S
CS22B1008,,,,,,,,,,,,,,,,,,,,,,,,,,,,,,,,,,,,,,,,,,,,,,,,,,,,,,,,,,,,,,,,,,,,,,,,,,,,,,,,,,,,B,E,D,S,D,C,B,D,E,C,D,B,B,A,A,D,E,A,A
CS22B1009,,,,,,,,,,,,,,,,,,,,,,,,,,,,,,,,,,,,,,,,,,,,,,,,,,,,,,,,,,,,,,,,,,,,,,,,,,,,,,,,,,,,C,E,C,B,E,E,C,B,A,E,D,S,S,B,S,C,C,D,B
CS22B1010,,,,,,,,,,,,,,,,,,,,,,,,,,,,,,,,,,,,,,,,,,,,,,,,,,,,,,,,,,,,,,,,,,,,,,,,,,,,,,,,,,,,D,S,E,B,E,E,B,S,D,S,E,B,C,E,C,A,A,C,E
CS22B1011,,,,,,,,,,,,,,,,,,,,,,,,,,,,,,,,,,,,,,,,,,,,,,,,,,,,,,,,,,,,,,,,,,,,,,,,,,,,,,,,,,,,A,D,C,A,B,A,B,S,C,A,D,C,C,B,E,A,A,S,S
CS22B1012,,,,,,,,,,,,,,,,,,,,,,,,,,,,,,,,,,,,,,,,,,,,,,,,,,,,,,,,,,,,,,,,,,,,,,,,,,,,,,,,,,,,B,A,D,E,B,S,D,A,C,A,A,E,S,B,C,S,D,C,C
CS22B1013,,,,,,,,,,,,,,,,,,,,,,,,,,,,,,,,,,,,,,,,,,,,,,,,,,,,,,,,,,,,,,,,,,,,,,,,,,,,,,,,,,,,D,D,D,E,E,A,B,C,E,E,A,C,A,B,S,E,E,C,A
CS22B1014,,,,,,,,,,,,,,,,,,,,,,,,,,,,,,,,,,,,,,,,,,,,,,,,,,,,,,,,,,,,,,,,,,,,,,,,,,,,,,,,,,,,S,A,B,S,D,D,S,D,B,S,B,A,E,D,C,D,C,B,C
CS22B1015,,,,,,,,,,,,,,,,,,,,,,,,,,,,,,,,,,,,,,,,,,,,,,,,,,,,,,,,,,,,,,,,,,,,,,,,,,,,,,,,,,,,E,C,C,E,B,S,C,E,C,A,C,E,C,E,S,A,C,S,B
CS22B1016,,,,,,,,,,,,,,,,,,,,,,,,,,,,,,,,,,,,,,,,,,,,,,,,,,,,,,,,,,,,,,,,,,,,,,,,,,,,,,,,,,,,E,A,A,A,D,D,B,E,B,S,C,E,C,C,A,E,B,C,A
CS22B1017,,,,,,,,,,,,,,,,,,,,,,,,,,,,,,,,,,,,,,,,,,,,,,,,,,,,,,,,,,,,,,,,,,,,,,,,,,,,,,,,,,,,A,D,S,E,E,D,S,A,D,S,D,E,B,E,C,C,B,S,C
CS22B1018,,,,,,,,,,,,,,,,,,,,,,,,,,,,,,,,,,,,,,,,,,,,,,,,,,,,,,,,,,,,,,,,,,,,,,,,,,,,,,,,,,,,C,E,B,E,S,D,A,B,E,E,S,C,S,E,B,C,B,B,D
CS22B1019,,,,,,,,,,,,,,,,,,,,,,,,,,,,,,,,,,,,,,,,,,,,,,,,,,,,,,,,,,,,,,,,,,,,,,,,,,,,,,,,,,,,B,D,C,E,S,S,A,S,S,E,E,D,D,S,E,E,E,S,S
CS22B1020,,,,,,,,,,,,,,,,,,,,,,,,,,,,,,,,,,,,,,,,,,,,,,,,,,,,,,,,,,,,,,,,,,,,,,,,,,,,,,,,,,,,A,S,E,E,C,E,E,A,E,A,A,S,C,D,S,D,D,C,E
CS22B1021,,,,,,,,,,,,,,,,,,,,,,,,,,,,,,,,,,,,,,,,,,,,,,,,,,,,,,,,,,,,,,,,,,,,,,,,,,,,,,,,,,,,E,A,A,C,E,B,B,B,D,S,D,B,C,A,B,S,E,A,A
CS22B1022,,,,,,,,,,,,,,,,,,,,,,,,,,,,,,,,,,,,,,,,,,,,,,,,,,,,,,,,,,,,,,,,,,,,,,,,,,,,,,,,,,,,D,B,C,S,A,A,C,C,E,E,E,B,B,D,A,E,A,C,C
CS22B1023,,,,,,,,,,,,,,,,,,,,,,,,,,,,,,,,,,,,,,,,,,,,,,,,,,,,,,,,,,,,,,,,,,,,,,,,,,,,,,,,,,,,A,E,B,A,E,E,C,C,B,A,S,E,D,B,B,C,D,S,C
CS22B1024,,,,,,,,,,,,,,,,,,,,,,,,,,,,,,,,,,,,,,,,,,,,,,,,,,,,,,,,,,,,,,,,,,,,,,,,,,,,,,,,,,,,D,B,C,A,A,B,E,S,E,E,C,B,B,C,C,B,D,S,C
CS22B1025,,,,,,,,,,,,,,,,,,,,,,,,,,,,,,,,,,,,,,,,,,,,,,,,,,,,,,,,,,,,,,,,,,,,,,,,,,,,,,,,,,,,B,D,S,D,C,S,C,C,D,E,C,A,E,E,E,D,D,E,C
CS22B1026,,,,,,,,,,,,,,,,,,,,,,,,,,,,,,,,,,,,,,,,,,,,,,,,,,,,,,,,,,,,,,,,,,,,,,,,,,,,,,,,,,,,D,C,E,C,C,A,C,C,B,E,S,E,E,S,S,C,A,C,S
CS22B1027,,,,,,,,,,,,,,,,,,,,,,,,,,,,,,,,,,,,,,,,,,,,,,,,,,,,,,,,,,,,,,,,,,,,,,,,,,,,,,,,,,,,B,S,D,D,D,D,S,D,B,C,S,B,E,C,D,S,C,E,D
CS22B1028,,,,,,,,,,,,,,,,,,,,,,,,,,,,,,,,,,,,,,,,,,,,,,,,,,,,,,,,,,,,,,,,,,,,,,,,,,,,,,,,,,,,B,A,B,B,E,E,E,S,D,B,D,C,B,E,C,B,D,B,A
CS22B1029,,,,,,,,,,,,,,,,,,,,,,,,,,,,,,,,,,,,,,,,,,,,,,,,,,,,,,,,,,,,,,,,,,,,,,,,,,,,,,,,,,,,E,E,E,S,B,E,E,B,C,C,S,A,E,C,S,S,B,D,A
CS22B1030,,,,,,,,,,,,,,,,,,,,,,,,,,,,,,,,,,,,,,,,,,,,,,,,,,,,,,,,,,,,,,,,,,,,,,,,,,,,,,,,,,,,D,B,E,A,E,E,E,A,C,S,A,E,C,D,S,C,B,D,B
CS22B1031,,,,,,,,,,,,,,,,,,,,,,,,,,,,,,,,,,,,,,,,,,,,,,,,,,,,,,,,,,,,,,,,,,,,,,,,,,,,,,,,,,,,B,B,E,C,S,D,C,E,D,D,D,B,S,A,C,D,D,D,S
CS22B1032,,,,,,,,,,,,,,,,,,,,,,,,,,,,,,,,,,,,,,,,,,,,,,,,,,,,,,,,,,,,,,,,,,,,,,,,,,,,,,,,,,,,C,B,B,E,D,A,A,B,D,C,A,E,C,E,D,B,S,B,A
CS22B1033,,,,,,,,,,,,,,,,,,,,,,,,,,,,,,,,,,,,,,,,,,,,,,,,,,,,,,,,,,,,,,,,,,,,,,,,,,,,,,,,,,,,B,A,S,S,B,B,B,A,E,A,S,A,E,A,D,C,C,E,S
CS22B1034,,,,,,,,,,,,,,,,,,,,,,,,,,,,,,,,,,,,,,,,,,,,,,,,,,,,,,,,,,,,,,,,,,,,,,,,,,,,,,,,,,,,D,C,D,D,A,D,B,C,C,C,E,B,D,A,B,A,E,D,E
CS22B1035,,,,,,,,,,,,,,,,,,,,,,,,,,,,,,,,,,,,,,,,,,,,,,,,,,,,,,,,,,,,,,,,,,,,,,,,,,,,,,,,,,,,D,A,D,A,E,S,S,B,C,D,A,B,D,A,D,S,S,S,C
CS22B1036,,,,,,,,,,,,,,,,,,,,,,,,,,,,,,,,,,,,,,,,,,,,,,,,,,,,,,,,,,,,,,,,,,,,,,,,,,,,,,,,,,,,B,A,E,A,C,E,A,C,D,S,C,D,B,A,A,D,D,C,B
CS22B1037,,,,,,,,,,,,,,,,,,,,,,,,,,,,,,,,,,,,,,,,,,,,,,,,,,,,,,,,,,,,,,,,,,,,,,,,,,,,,,,,,,,,S,E,D,E,B,S,D,D,S,S,C,A,C,E,S,A,B,E,B
CS22B1038,,,,,,,,,,,,,,,,,,,,,,,,,,,,,,,,,,,,,,,,,,,,,,,,,,,,,,,,,,,,,,,,,,,,,,,,,,,,,,,,,,,,C,C,E,D,A,E,B,S,D,A,E,D,E,A,B,C,C,B,C
CS22B1039,,,,,,,,,,,,,,,,,,,,,,,,,,,,,,,,,,,,,,,,,,,,,,,,,,,,,,,,,,,,,,,,,,,,,,,,,,,,,,,,,,,,D,E,E,B,A,E,E,B,D,D,B,C,B,B,D,C,S,E,A
CS22B1040,,,,,,,,,,,,,,,,,,,,,,,,,,,,,,,,,,,,,,,,,,,,,,,,,,,,,,,,,,,,,,,,,,,,,,,,,,,,,,,,,,,,B,D,C,E,A,B,E,B,C,E,E,D,S,D,S,E,S,E,S
CS22B1041,,,,,,,,,,,,,,,,,,,,,,,,,,,,,,,,,,,,,,,,,,,,,,,,,,,,,,,,,,,,,,,,,,,,,,,,,,,,,,,,,,,,D,S,B,S,A,C,E,E,E,B,D,E,E,B,D,S,D,E,C
CS22B1042,,,,,,,,,,,,,,,,,,,,,,,,,,,,,,,,,,,,,,,,,,,,,,,,,,,,,,,,,,,,,,,,,,,,,,,,,,,,,,,,,,,,S,A,B,B,A,S,S,E,B,D,S,D,B,D,S,E,B,D,B
CS22B1043,,,,,,,,,,,,,,,,,,,,,,,,,,,,,,,,,,,,,,,,,,,,,,,,,,,,,,,,,,,,,,,,,,,,,,,,,,,,,,,,,,,,D,D,S,E,D,C,E,S,B,S,C,B,C,E,D,S,D,B,A
CS22B1044,,,,,,,,,,,,,,,,,,,,,,,,,,,,,,,,,,,,,,,,,,,,,,,,,,,,,,,,,,,,,,,,,,,,,,,,,,,,,,,,,,,,B,D,B,C,E,D,B,B,C,C,B,B,E,D,S,C,C,A,S
CS22B1045,,,,,,,,,,,,,,,,,,,,,,,,,,,,,,,,,,,,,,,,,,,,,,,,,,,,,,,,,,,,,,,,,,,,,,,,,,,,,,,,,,,,E,E,A,E,D,A,B,B,B,B,E,D,B,D,E,D,D,B,E
CS22B1046,,,,,,,,,,,,,,,,,,,,,,,,,,,,,,,,,,,,,,,,,,,,,,,,,,,,,,,,,,,,,,,,,,,,,,,,,,,,,,,,,,,,S,D,D,C,A,S,B,D,A,E,D,A,A,B,A,S,A,E,E
CS22B1047,,,,,,,,,,,,,,,,,,,,,,,,,,,,,,,,,,,,,,,,,,,,,,,,,,,,,,,,,,,,,,,,,,,,,,,,,,,,,,,,,,,,E,B,D,S,B,C,E,S,A,B,S,E,B,E,A,E,B,C,D
CS22B1048,,,,,,,,,,,,,,,,,,,,,,,,,,,,,,,,,,,,,,,,,,,,,,,,,,,,,,,,,,,,,,,,,,,,,,,,,,,,,,,,,,,,A,D,S,S,D,D,C,D,B,A,A,B,C,D,C,B,D,B,C
CS22B1049,,,,,,,,,,,,,,,,,,,,,,,,,,,,,,,,,,,,,,,,,,,,,,,,,,,,,,,,,,,,,,,,,,,,,,,,,,,,,,,,,,,,A,S,B,E,B,S,E,A,C,A,B,B,E,S,E,C,E,D,E
CS22B1050,,,,,,,,,,,,,,,,,,,,,,,,,,,,,,,,,,,,,,,,,,,,,,,,,,,,,,,,,,,,,,,,,,,,,,,,,,,,,,,,,,,,E,C,S,A,C,S,A,B,S,D,A,C,C,D,D,D,A,S,D
CS22B1051,,,,,,,,,,,,,,,,,,,,,,,,,,,,,,,,,,,,,,,,,,,,,,,,,,,,,,,,,,,,,,,,,,,,,,,,,,,,,,,,,,,,D,C,B,C,C,C,A,C,S,E,D,E,S,B,S,S,E,S,A
CS22B1052,,,,,,,,,,,,,,,,,,,,,,,,,,,,,,,,,,,,,,,,,,,,,,,,,,,,,,,,,,,,,,,,,,,,,,,,,,,,,,,,,,,,C,B,S,D,E,B,B,C,A,S,E,A,B,D,E,B,S,C,S
CS22B1053,,,,,,,,,,,,,,,,,,,,,,,,,,,,,,,,,,,,,,,,,,,,,,,,,,,,,,,,,,,,,,,,,,,,,,,,,,,,,,,,,,,,E,B,A,A,S,A,E,B,D,A,A,A,D,A,S,D,D,B,E
CS22B1054,,,,,,,,,,,,,,,,,,,,,,,,,,,,,,,,,,,,,,,,,,,,,,,,,,,,,,,,,,,,,,,,,,,,,,,,,,,,,,,,,,,,D,B,S,B,B,E,S,S,D,C,B,B,B,C,S,S,A,S,D
CS22B1055,,,,,,,,,,,,,,,,,,,,,,,,,,,,,,,,,,,,,,,,,,,,,,,,,,,,,,,,,,,,,,,,,,,,,,,,,,,,,,,,,,,,D,E,A,E,A,B,E,E,S,C,A,E,A,C,D,E,C,D,B
CS22B1056,,,,,,,,,,,,,,,,,,,,,,,,,,,,,,,,,,,,,,,,,,,,,,,,,,,,,,,,,,,,,,,,,,,,,,,,,,,,,,,,,,,,A,A,A,C,D,S,E,C,S,B,D,D,C,B,E,E,E,D,A
CS22B1057,,,,,,,,,,,,,,,,,,,,,,,,,,,,,,,,,,,,,,,,,,,,,,,,,,,,,,,,,,,,,,,,,,,,,,,,,,,,,,,,,,,,C,B,A,D,B,D,E,S,B,A,C,B,S,E,D,E,B,D,D
CS22B1058,,,,,,,,,,,,,,,,,,,,,,,,,,,,,,,,,,,,,,,,,,,,,,,,,,,,,,,,,,,,,,,,,,,,,,,,,,,,,,,,,,,,S,C,A,B,S,C,B,S,C,A,C,E,E,A,D,E,B,A,S
CS22B1059,,,,,,,,,,,,,,,,,,,,,,,,,,,,,,,,,,,,,,,,,,,,,,,,,,,,,,,,,,,,,,,,,,,,,,,,,,,,,,,,,,,,D,E,D,B,D,S,C,B,S,S,C,B,D,C,D,S,C,B,E
CS22B1060,,,,,,,,,,,,,,,,,,,,,,,,,,,,,,,,,,,,,,,,,,,,,,,,,,,,,,,,,,,,,,,,,,,,,,,,,,,,,,,,,,,,B,B,B,D,S,A,E,A,D,D,D,D,E,S,S,B,C,E,E
CS22B1061,,,,,,,,,,,,,,,,,,,,,,,,,,,,,,,,,,,,,,,,,,,,,,,,,,,,,,,,,,,,,,,,,,,,,,,,,,,,,,,,,,,,D,E,B,E,C,B,A,D,A,E,E,C,S,D,D,S,C,C,S
CS22B1062,,,,,,,,,,,,,,,,,,,,,,,,,,,,,,,,,,,,,,,,,,,,,,,,,,,,,,,,,,,,,,,,,,,,,,,,,,,,,,,,,,,,B,E,S,D,E,B,B,D,E,B,B,B,S,C,A,C,A,C,D
CS22B1063,,,,,,,,,,,,,,,,,,,,,,,,,,,,,,,,,,,,,,,,,,,,,,,,,,,,,,,,,,,,,,,,,,,,,,,,,,,,,,,,,,,,A,E,D,B,E,S,A,D,D,C,C,A,S,S,B,S,D,C,C
CS22B1064,,,,,,,,,,,,,,,,,,,,,,,,,,,,,,,,,,,,,,,,,,,,,,,,,,,,,,,,,,,,,,,,,,,,,,,,,,,,,,,,,,,,E,B,D,B,E,A,B,E,D,A,D,B,B,C,E,B,S,C,C
CS22B1065,,,,,,,,,,,,,,,,,,,,,,,,,,,,,,,,,,,,,,,,,,,,,,,,,,,,,,,,,,,,,,,,,,,,,,,,,,,,,,,,,,,,A,A,E,E,A,A,B,S,D,E,C,S,D,A,D,C,E,E,S
CS22B1066,,,,,,,,,,,,,,,,,,,,,,,,,,,,,,,,,,,,,,,,,,,,,,,,,,,,,,,,,,,,,,,,,,,,,,,,,,,,,,,,,,,,B,E,D,C,D,C,A,A,D,B,D,D,A,E,D,A,E,D,A
CS22B1067,,,,,,,,,,,,,,,,,,,,,,,,,,,,,,,,,,,,,,,,,,,,,,,,,,,,,,,,,,,,,,,,,,,,,,,,,,,,,,,,,,,,C,E,E,A,B,S,D,D,A,B,C,B,E,B,B,S,C,C,A
CS22B1068,,,,,,,,,,,,,,,,,,,,,,,,,,,,,,,,,,,,,,,,,,,,,,,,,,,,,,,,,,,,,,,,,,,,,,,,,,,,,,,,,,,,D,D,B,D,D,E,A,S,A,B,A,E,D,A,C,D,C,A,C
CS22B1069,,,,,,,,,,,,,,,,,,,,,,,,,,,,,,,,,,,,,,,,,,,,,,,,,,,,,,,,,,,,,,,,,,,,,,,,,,,,,,,,,,,,D,B,B,C,D,C,E,S,B,B,B,C,A,C,A,D,E,C,S
CS22B1070,,,,,,,,,,,,,,,,,,,,,,,,,,,,,,,,,,,,,,,,,,,,,,,,,,,,,,,,,,,,,,,,,,,,,,,,,,,,,,,,,,,,A,S,A,E,C,S,C,A,C,D,E,D,B,C,S,D,D,S,C
CS22B1071,,,,,,,,,,,,,,,,,,,,,,,,,,,,,,,,,,,,,,,,,,,,,,,,,,,,,,,,,,,,,,,,,,,,,,,,,,,,,,,,,,,,D,S,B,S,D,C,B,A,A,B,A,D,D,D,A,C,A,D,A
CS22B1072,,,,,,,,,,,,,,,,,,,,,,,,,,,,,,,,,,,,,,,,,,,,,,,,,,,,,,,,,,,,,,,,,,,,,,,,,,,,,,,,,,,,B,S,E,E,S,S,A,S,A,S,B,S,C,C,C,A,D,D,B
CS22B1073,,,,,,,,,,,,,,,,,,,,,,,,,,,,,,,,,,,,,,,,,,,,,,,,,,,,,,,,,,,,,,,,,,,,,,,,,,,,,,,,,,,,B,A,B,A,S,E,D,B,C,E,D,B,D,B,S,B,B,E,E
CS22B1074,,,,,,,,,,,,,,,,,,,,,,,,,,,,,,,,,,,,,,,,,,,,,,,,,,,,,,,,,,,,,,,,,,,,,,,,,,,,,,,,,,,,C,B,S,A,S,A,C,C,E,S,C,E,C,C,C,D,C,B,C
CS22B1075,,,,,,,,,,,,,,,,,,,,,,,,,,,,,,,,,,,,,,,,,,,,,,,,,,,,,,,,,,,,,,,,,,,,,,,,,,,,,,,,,,,,D,C,B,E,B,C,A,C,D,A,B,C,C,E,B,C,B,E,E
CS22B1076,,,,,,,,,,,,,,,,,,,,,,,,,,,,,,,,,,,,,,,,,,,,,,,,,,,,,,,,,,,,,,,,,,,,,,,,,,,,,,,,,,,,C,B,D,A,C,A,E,A,A,S,C,C,C,E,B,D,D,A,C
CS22B1077,,,,,,,,,,,,,,,,,,,,,,,,,,,,,,,,,,,,,,,,,,,,,,,,,,,,,,,,,,,,,,,,,,,,,,,,,,,,,,,,,,,,C,D,B,S,B,C,E,S,E,E,C,A,S,E,C,D,B,B,S
CS22B1078,,,,,,,,,,,,,,,,,,,,,,,,,,,,,,,,,,,,,,,,,,,,,,,,,,,,,,,,,,,,,,,,,,,,,,,,,,,,,,,,,,,,C,S,D,C,E,S,S,D,D,A,S,S,D,S,A,A,E,C,B
CS22B1079,,,,,,,,,,,,,,,,,,,,,,,,,,,,,,,,,,,,,,,,,,,,,,,,,,,,,,,,,,,,,,,,,,,,,,,,,,,,,,,,,,,,A,E,D,D,E,D,A,D,A,E,D,S,B,E,E,S,B,A,D
CS22B1080,,,,,,,,,,,,,,,,,,,,,,,,,,,,,,,,,,,,,,,,,,,,,,,,,,,,,,,,,,,,,,,,,,,,,,,,,,,,,,,,,,,,D,E,C,S,C,S,S,B,E,S,A,B,D,E,C,S,C,C,C
CS22B1081,,,,,,,,,,,,,,,,,,,,,,,,,,,,,,,,,,,,,,,,,,,,,,,,,,,,,,,,,,,,,,,,,,,,,,,,,,,,,,,,,,,,D,S,C,B,E,E,C,C,A,D,A,C,S,S,B,E,A,B,S
CS22B1082,,,,,,,,,,,,,,,,,,,,,,,,,,,,,,,,,,,,,,,,,,,,,,,,,,,,,,,,,,,,,,,,,,,,,,,,,,,,,,,,,,,,D,S,D,D,A,S,S,E,E,C,B,A,C,C,C,E,B,E,S
CS22B1083,,,,,,,,,,,,,,,,,,,,,,,,,,,,,,,,,,,,,,,,,,,,,,,,,,,,,,,,,,,,,,,,,,,,,,,,,,,,,,,,,,,,C,C,D,S,C,E,C,C,D,E,E,C,E,S,A,E,D,C,S
CS22B1084,,,,,,,,,,,,,,,,,,,,,,,,,,,,,,,,,,,,,,,,,,,,,,,,,,,,,,,,,,,,,,,,,,,,,,,,,,,,,,,,,,,,E,B,E,D,C,S,D,B,E,C,E,D,E,E,B,C,E,C,C
CS22B1085,,,,,,,,,,,,,,,,,,,,,,,,,,,,,,,,,,,,,,,,,,,,,,,,,,,,,,,,,,,,,,,,,,,,,,,,,,,,,,,,,,,,C,C,C,B,C,D,S,A,A,D,E,B,D,S,E,A,C,C,C
CS22B1086,,,,,,,,,,,,,,,,,,,,,,,,,,,,,,,,,,,,,,,,,,,,,,,,,,,,,,,,,,,,,,,,,,,,,,,,,,,,,,,,,,,,C,S,A,C,B,C,S,S,C,E,B,C,E,C,E,A,D,A,B
CS22B1087,,,,,,,,,,,,,,,,,,,,,,,,,,,,,,,,,,,,,,,,,,,,,,,,,,,,,,,,,,,,,,,,,,,,,,,,,,,,,,,,,,,,C,S,S,E,B,C,B,D,E,S,A,E,B,E,B,S,D,A,E
CS22B1088,,,,,,,,,,,,,,,,,,,,,,,,,,,,,,,,,,,,,,,,,,,,,,,,,,,,,,,,,,,,,,,,,,,,,,,,,,,,,,,,,,,,S,B,B,A,E,D,D,D,B,A,S,C,D,S,A,C,E,C,A
CS22B1089,,,,,,,,,,,,,,,,,,,,,,,,,,,,,,,,,,,,,,,,,,,,,,,,,,,,,,,,,,,,,,,,,,,,,,,,,,,,,,,,,,,,A,D,E,B,C,C,D,B,D,A,S,S,D,D,A,S,S,B,S
CS22B1090,,,,,,,,,,,,,,,,,,,,,,,,,,,,,,,,,,,,,,,,,,,,,,,,,,,,,,,,,,,,,,,,,,,,,,,,,,,,,,,,,,,,D,A,B,C,C,E,B,D,B,E,D,A,A,C,A,A,D,D,E
CS22B1091,,,,,,,,,,,,,,,,,,,,,,,,,,,,,,,,,,,,,,,,,,,,,,,,,,,,,,,,,,,,,,,,,,,,,,,,,,,,,,,,,,,,D,B,S,S,S,A,B,A,C,C,D,A,A,E,A,A,D,A,E
CS22B1092,,,,,,,,,,,,,,,,,,,,,,,,,,,,,,,,,,,,,,,,,,,,,,,,,,,,,,,,,,,,,,,,,,,,,,,,,,,,,,,,,,,,C,S,D,B,A,D,C,E,D,S,D,S,D,B,B,S,B,D,A
CS22B1093,,,,,,,,,,,,,,,,,,,,,,,,,,,,,,,,,,,,,,,,,,,,,,,,,,,,,,,,,,,,,,,,,,,,,,,,,,,,,,,,,,,,D,C,S,A,S,D,B,A,A,B,D,C,S,C,D,C,S,A,D
CS22B1094,,,,,,,,,,,,,,,,,,,,,,,,,,,,,,,,,,,,,,,,,,,,,,,,,,,,,,,,,,,,,,,,,,,,,,,,,,,,,,,,,,,,S,B,B,B,A,D,A,A,S,S,B,E,E,B,A,A,C,B,D
CS22B1095,,,,,,,,,,,,,,,,,,,,,,,,,,,,,,,,,,,,,,,,,,,,,,,,,,,,,,,,,,,,,,,,,,,,,,,,,,,,,,,,,,,,D,B,S,D,B,C,C,B,D,A,C,D,D,A,E,S,B,C,S
CS22B1096,,,,,,,,,,,,,,,,,,,,,,,,,,,,,,,,,,,,,,,,,,,,,,,,,,,,,,,,,,,,,,,,,,,,,,,,,,,,,,,,,,,,D,C,B,D,C,A,E,C,S,C,S,E,S,B,A,E,S,C,E
CS22B1097,,,,,,,,,,,,,,,,,,,,,,,,,,,,,,,,,,,,,,,,,,,,,,,,,,,,,,,,,,,,,,,,,,,,,,,,,,,,,,,,,,,,B,C,E,A,D,S,C,A,E,C,C,E,S,B,C,C,S,A,S
CS22B1098,,,,,,,,,,,,,,,,,,,,,,,,,,,,,,,,,,,,,,,,,,,,,,,,,,,,,,,,,,,,,,,,,,,,,,,,,,,,,,,,,,,,B,C,B,D,A,C,E,D,A,D,D,C,S,D,C,D,C,A,S
CS22B1099,,,,,,,,,,,,,,,,,,,,,,,,,,,,,,,,,,,,,,,,,,,,,,,,,,,,,,,,,,,,,,,,,,,,,,,,,,,,,,,,,,,,B,A,S,A,D,C,S,C,S,A,D,D,D,E,S,E,D,B,A
CS22B1100,,,,,,,,,,,,,,,,,,,,,,,,,,,,,,,,,,,,,,,,,,,,,,,,,,,,,,,,,,,,,,,,,,,,,,,,,,,,,,,,,,,,D,D,A,A,A,A,A,S,D,C,S,S,S,D,E,D,A,E,E
CS22B1101,,,,,,,,,,,,,,,,,,,,,,,,,,,,,,,,,,,,,,,,,,,,,,,,,,,,,,,,,,,,,,,,,,,,,,,,,,,,,,,,,,,,S,A,D,S,C,A,E,A,E,B,D,B,E,E,C,B,A,D,S
CS22B1102,,,,,,,,,,,,,,,,,,,,,,,,,,,,,,,,,,,,,,,,,,,,,,,,,,,,,,,,,,,,,,,,,,,,,,,,,,,,,,,,,,,,D,D,S,C,A,C,E,A,C,S,E,E,S,B,B,S,S,A,S
CS22B1103,,,,,,,,,,,,,,,,,,,,,,,,,,,,,,,,,,,,,,,,,,,,,,,,,,,,,,,,,,,,,,,,,,,,,,,,,,,,,,,,,,,,D,C,C,B,S,C,S,E,A,B,D,A,S,S,D,D,D,D,B
CS22B1104,,,,,,,,,,,,,,,,,,,,,,,,,,,,,,,,,,,,,,,,,,,,,,,,,,,,,,,,,,,,,,,,,,,,,,,,,,,,,,,,,,,,D,A,E,D,D,S,S,A,E,S,C,A,E,E,D,S,B,C,B
CS22B1105,,,,,,,,,,,,,,,,,,,,,,,,,,,,,,,,,,,,,,,,,,,,,,,,,,,,,,,,,,,,,,,,,,,,,,,,,,,,,,,,,,,,S,B,D,E,E,E,D,C,B,E,D,D,E,C,A,D,D,C,D
CS22B1106,,,,,,,,,,,,,,,,,,,,,,,,,,,,,,,,,,,,,,,,,,,,,,,,,,,,,,,,,,,,,,,,,,,,,,,,,,,,,,,,,,,,A,A,B,B,D,E,E,B,B,C,D,S,B,E,E,E,B,S,E
CS22B1107,,,,,,,,,,,,,,,,,,,,,,,,,,,,,,,,,,,,,,,,,,,,,,,,,,,,,,,,,,,,,,,,,,,,,,,,,,,,,,,,,,,,B,E,S,A,C,C,D,B,E,C,C,E,C,B,S,E,A,S,C
CS22B1108,,,,,,,,,,,,,,,,,,,,,,,,,,,,,,,,,,,,,,,,,,,,,,,,,,,,,,,,,,,,,,,,,,,,,,,,,,,,,,,,,,,,A,C,D,S,C,B,S,A,B,S,S,C,B,B,C,B,S,S,E
CS22B1109,,,,,,,,,,,,,,,,,,,,,,,,,,,,,,,,,,,,,,,,,,,,,,,,,,,,,,,,,,,,,,,,,,,,,,,,,,,,,,,,,,,,C,S,A,B,A,E,D,D,D,D,C,E,B,D,S,S,D,B,A
CS22B1110,,,,,,,,,,,,,,,,,,,,,,,,,,,,,,,,,,,,,,,,,,,,,,,,,,,,,,,,,,,,,,,,,,,,,,,,,,,,,,,,,,,,S,A,C,D,C,S,B,A,B,C,B,A,S,C,D,D,D,C,D
CS22B1111,,,,,,,,,,,,,,,,,,,,,,,,,,,,,,,,,,,,,,,,,,,,,,,,,,,,,,,,,,,,,,,,,,,,,,,,,,,,,,,,,,,,A,D,D,E,C,E,D,C,C,E,E,C,E,S,E,S,B,A,D
CS22B1112,,,,,,,,,,,,,,,,,,,,,,,,,,,,,,,,,,,,,,,,,,,,,,,,,,,,,,,,,,,,,,,,,,,,,,,,,,,,,,,,,,,,B,C,E,B,C,S,C,A,C,D,D,D,S,E,D,C,A,B,S
CS22B1113,,,,,,,,,,,,,,,,,,,,,,,,,,,,,,,,,,,,,,,,,,,,,,,,,,,,,,,,,,,,,,,,,,,,,,,,,,,,,,,,,,,,E,D,A,E,C,B,A,A,B,D,E,D,E,B,D,B,C,D,D
CS22B1114,,,,,,,,,,,,,,,,,,,,,,,,,,,,,,,,,,,,,,,,,,,,,,,,,,,,,,,,,,,,,,,,,,,,,,,,,,,,,,,,,,,,D,D,S,C,E,A,A,D,C,A,A,C,S,E,A,B,D,S,B
CS22B1115,,,,,,,,,,,,,,,,,,,,,,,,,,,,,,,,,,,,,,,,,,,,,,,,,,,,,,,,,,,,,,,,,,,,,,,,,,,,,,,,,,,,A,E,D,D,E,C,D,C,S,E,D,D,S,B,A,C,S,B,B
CS22B1116,,,,,,,,,,,,,,,,,,,,,,,,,,,,,,,,,,,,,,,,,,,,,,,,,,,,,,,,,,,,,,,,,,,,,,,,,,,,,,,,,,,,E,E,S,D,S,B,S,C,D,B,S,S,A,C,S,S,D,E,A
CS22B1117,,,,,,,,,,,,,,,,,,,,,,,,,,,,,,,,,,,,,,,,,,,,,,,,,,,,,,,,,,,,,,,,,,,,,,,,,,,,,,,,,,,,C,E,E,S,A,B,E,C,E,E,D,S,D,S,B,C,E,A,B
CS22B1118,,,,,,,,,,,,,,,,,,,,,,,,,,,,,,,,,,,,,,,,,,,,,,,,,,,,,,,,,,,,,,,,,,,,,,,,,,,,,,,,,,,,A,E,A,E,E,A,E,E,B,C,S,C,B,E,B,S,E,C,A
CS22B1119,,,,,,,,,,,,,,,,,,,,,,,,,,,,,,,,,,,,,,,,,,,,,,,,,,,,,,,,,,,,,,,,,,,,,,,,,,,,,,,,,,,,A,S,A,C,E,A,A,E,C,B,B,C,A,D,D,A,S,C,B
CS22B1120,,,,,,,,,,,,,,,,,,,,,,,,,,,,,,,,,,,,,,,,,,,,,,,,,,,,,,,,,,,,,,,,,,,,,,,,,,,,,,,,,,,,S,B,S,E,D,B,E,A,C,C,B,S,B,E,B,D,S,E,A
CS22B1121,,,,,,,,,,,,,,,,,,,,,,,,,,,,,,,,,,,,,,,,,,,,,,,,,,,,,,,,,,,,,,,,,,,,,,,,,,,,,,,,,,,,B,C,D,D,C,B,E,A,A,C,A,C,E,A,S,B,C,A,D
CS22B1122,,,,,,,,,,,,,,,,,,,,,,,,,,,,,,,,,,,,,,,,,,,,,,,,,,,,,,,,,,,,,,,,,,,,,,,,,,,,,,,,,,,,B,A,B,B,S,D,B,A,C,E,C,B,C,C,D,D,A,C,S
CS22B1123,,,,,,,,,,,,,,,,,,,,,,,,,,,,,,,,,,,,,,,,,,,,,,,,,,,,,,,,,,,,,,,,,,,,,,,,,,,,,,,,,,,,E,C,B,B,B,E,B,D,E,C,E,D,B,S,D,C,D,S,C
CS22B1124,,,,,,,,,,,,,,,,,,,,,,,,,,,,,,,,,,,,,,,,,,,,,,,,,,,,,,,,,,,,,,,,,,,,,,,,,,,,,,,,,,,,D,E,A,S,C,B,D,A,S,C,S,S,C,D,S,B,E,E,A
CS22B1125,,,,,,,,,,,,,,,,,,,,,,,,,,,,,,,,,,,,,,,,,,,,,,,,,,,,,,,,,,,,,,,,,,,,,,,,,,,,,,,,,,,,A,E,D,B,D,B,A,C,A,B,C,A,E,E,S,A,D,E,E
CS22B1126,,,,,,,,,,,,,,,,,,,,,,,,,,,,,,,,,,,,,,,,,,,,,,,,,,,,,,,,,,,,,,,,,,,,,,,,,,,,,,,,,,,,B,B,D,E,E,S,D,B,B,E,A,A,S,B,E,A,D,D,E
CS22B1127,,,,,,,,,,,,,,,,,,,,,,,,,,,,,,,,,,,,,,,,,,,,,,,,,,,,,,,,,,,,,,,,,,,,,,,,,,,,,,,,,,,,C,S,B,S,S,A,S,D,C,S,S,S,A,B,S,D,E,C,A
CS22B1128,,,,,,,,,,,,,,,,,,,,,,,,,,,,,,,,,,,,,,,,,,,,,,,,,,,,,,,,,,,,,,,,,,,,,,,,,,,,,,,,,,,,A,D,S,S,E,D,S,E,C,S,A,S,D,D,A,C,C,B,B
CS22B1129,,,,,,,,,,,,,,,,,,,,,,,,,,,,,,,,,,,,,,,,,,,,,,,,,,,,,,,,,,,,,,,,,,,,,,,,,,,,,,,,,,,,S,C,E,C,B,E,C,D,D,E,D,B,B,E,D,E,A,S,A
CS22B1130,,,,,,,,,,,,,,,,,,,,,,,,,,,,,,,,,,,,,,,,,,,,,,,,,,,,,,,,,,,,,,,,,,,,,,,,,,,,,,,,,,,,C,C,E,E,A,S,C,B,A,S,C,B,C,S,D,C,A,B,B
CS22B2001,,,,,,,,,,,,,,,,,,,,,,,,,,,,,,,,,,,,,,,,,,,,,,,,,,,,,,,,,,,,,,,,C,D,E,A,B,A,D,A,E,D,S,S,B,A,A,S,C,S,A,S,,,,,,,,,,,,,,,,,,,
CS22B2002,,,,,,,,,,,,,,,,,,,,,,,,,,,,,,,,,,,,,,,,,,,,,,,,,,,,,,,,,,,,,,,,D,B,S,A,C,A,D,S,D,D,E,C,E,C,D,S,E,D,E,D,,,,,,,,,,,,,,,,,,,
CS22B2003,,,,,,,,,,,,,,,,,,,,,,,,,,,,,,,,,,,,,,,,,,,,,,,,,,,,,,,,,,,,,,,,C,S,D,A,E,S,B,E,A,C,E,C,E,E,A,C,E,E,A,A,,,,,,,,,,,,,,,,,,,
CS22B2004,,,,,,,,,,,,,,,,,,,,,,,,,,,,,,,,,,,,,,,,,,,,,,,,,,,,,,,,,,,,,,,,S,B,S,B,A,C,D,D,C,E,C,A,C,B,S,C,B,C,D,A,,,,,,,,,,,,,,,,,,,
CS22B2005,,,,,,,,,,,,,,,,,,,,,,,,,,,,,,,,,,,,,,,,,,,,,,,,,,,,,,,,,,,,,,,,E,D,A,E,C,B,S,E,E,D,E,B,B,D,D,B,C,C,C,D,,,,,,,,,,,,,,,,,,,
CS22B2006,,,,,,,,,,,,,,,,,,,,,,,,,,,,,,,,,,,,,,,,,,,,,,,,,,,,,,,,,,,,,,,,E,B,A,B,S,B,C,E,B,D,E,A,E,B,E,B,C,B,A,S,,,,,,,,,,,,,,,,,,,
CS22B2007,,,,,,,,,,,,,,,,,,,,,,,,,,,,,,,,,,,,,,,,,,,,,,,,,,,,,,,,,,,,,,,,C,S,D,D,D,C,D,S,C,D,A,E,S,B,E,E,E,C,A,S,,,,,,,,,,,,,,,,,,,
CS22B2008,,,,,,,,,,,,,,,,,,,,,,,,,,,,,,,,,,,,,,,,,,,,,,,,,,,,,,,,,,,,,,,,B,C,D,A,C,E,S,E,S,A,S,S,D,B,E,A,D,B,E,D,,,,,,,,,,,,,,,,,,,
CS22B2009,,,,,,,,,,,,,,,,,,,,,,,,,,,,,,,,,,,,,,,,,,,,,,,,,,,,,,,,,,,,,,,,S,S,D,D,E,A,B,S,D,E,A,C,S,E,A,A,D,A,A,S,,,,,,,,,,,,,,,,,,,
CS22B2010,,,,,,,,,,,,,,,,,,,,,,,,,,,,,,,,,,,,,,,,,,,,,,,,,,,,,,,,,,,,,,,,D,D,E,A,E,C,B,E,B,D,D,S,A,A,D,B,B,A,B,C,,,,,,,,,,,,,,,,,,,
CS22B2011,,,,,,,,,,,,,,,,,,,,,,,,,,,,,,,,,,,,,,,,,,,,,,,,,,,,,,,,,,,,,,,,B,A,E,A,A,E,A,E,A,S,E,E,C,E,A,A,E,E,E,D,,,,,,,,,,,,,,,,,,,
CS22B2012,,,,,,,,,,,,,,,,,,,,,,,,,,,,,,,,,,,,,,,,,,,,,,,,,,,,,,,,,,,,,,,,C,B,S,C,C,E,D,A,B,C,S,S,B,C,E,C,S,S,D,B,,,,,,,,,,,,,,,,,,,
CS22B2013,,,,,,,,,,,,,,,,,,,,,,,,,,,,,,,,,,,,,,,,,,,,,,,,,,,,,,,,,,,,,,,,B,A,B,B,B,A,E,A,S,A,D,D,B,B,B,E,B,A,A,S,,,,,,,,,,,,,,,,,,,
CS22B2014,,,,,,,,,,,,,,,,,,,,,,,,,,,,,,,,,,,,,,,,,,,,,,,,,,,,,,,,,,,,,,,,D,S,E,E,B,D,D,C,C,E,D,C,C,A,C,S,A,A,A,S,,,,,,,,,,,,,,,,,,,
CS22B2015,,,,,,,,,,,,,,,,,,,,,,,,,,,,,,,,,,,,,,,,,,,,,,,,,,,,,,,,,,,,,,,,D,E,B,A,B,S,E,S,A,A,A,D,D,C,E,E,C,C,B,E,,,,,,,,,,,,,,,,,,,
CS22B2016,,,,,,,,,,,,,,,,,,,,,,,,,,,,,,,,,,,,,,,,,,,,,,,,,,,,,,,,,,,,,,,,B,B,D,C,S,S,C,C,S,D,C,E,E,C,B,D,C,A,S,A,,,,,,,,,,,,,,,,,,,
CS22B2017,,,,,,,,,,,,,,,,,,,,,,,,,,,,,,,,,,,,,,,,,,,,,,,,,,,,,,,,,,,,,,,,S,B,D,B,D,A,S,B,C,B,E,S,A,C,B,B,D,C,D,S,,,,,,,,,,,,,,,,,,,
CS22B2018,,,,,,,,,,,,,,,,,,,,,,,,,,,,,,,,,,,,,,,,,,,,,,,,,,,,,,,,,,,,,,,,B,B,S,D,C,E,B,S,B,E,B,A,E,D,B,E,S,C,D,C,,,,,,,,,,,,,,,,,,,
CS22B2019,,,,,,,,,,,,,,,,,,,,,,,,,,,,,,,,,,,,,,,,,,,,,,,,,,,,,,,,,,,,,,,,S,C,D,D,C,B,A,D,A,B,B,C,B,E,A,D,A,C,B,A,,,,,,,,,,,,,,,,,,,
CS22B2020,,,,,,,,,,,,,,,,,,,,,,,,,,,,,,,,,,,,,,,,,,,,,,,,,,,,,,,,,,,,,,,,E,S,A,A,E,S,A,D,E,A,S,A,A,E,B,S,C,D,A,D,,,,,,,,,,,,,,,,,,,
CS22B2021,,,,,,,,,,,,,,,,,,,,,,,,,,,,,,,,,,,,,,,,,,,,,,,,,,,,,,,,,,,,,,,,E,E,A,S,E,D,C,B,S,A,D,C,S,S,A,B,C,B,B,B,,,,,,,,,,,,,,,,,,,
CS22B2022,,,,,,,,,,,,,,,,,,,,,,,,,,,,,,,,,,,,,,,,,,,,,,,,,,,,,,,,,,,,,,,,S,S,E,C,S,B,E,D,E,A,B,S,C,C,C,A,S,D,B,B,,,,,,,,,,,,,,,,,,,
CS22B2023,,,,,,,,,,,,,,,,,,,,,,,,,,,,,,,,,,,,,,,,,,,,,,,,,,,,,,,,,,,,,,,,S,E,C,S,S,A,E,B,B,S,B,A,B,E,E,S,B,C,B,C,,,,,,,,,,,,,,,,,,,
CS22B2024,,,,,,,,,,,,,,,,,,,,,,,,,,,,,,,,,,,,,,,,,,,,,,,,,,,,,,,,,,,,,,,,S,C,D,S,D,S,C,A,C,C,D,S,A,D,S,S,C,D,B,A,,,,,,,,,,,,,,,,,,,
CS22B2025,,,,,,,,,,,,,,,,,,,,,,,,,,,,,,,,,,,,,,,,,,,,,,,,,,,,,,,,,,,,,,,,C,S,A,E,E,B,S,D,B,C,B,B,A,E,S,A,B,B,A,S,,,,,,,,,,,,,,,,,,,
CS22B2026,,,,,,,,,,,,,,,,,,,,,,,,,,,,,,,,,,,,,,,,,,,,,,,,,,,,,,,,,,,,,,,,B,C,C,E,A,B,B,C,S,C,S,A,D,B,B,D,D,D,B,E,,,,,,,,,,,,,,,,,,,
CS22B2027,,,,,,,,,,,,,,,,,,,,,,,,,,,,,,,,,,,,,,,,,,,,,,,,,,,,,,,,,,,,,,,,B,B,B,A,S,C,B,D,E,B,S,S,D,E,D,A,S,E,A,B,,,,,,,,,,,,,,,,,,,
CS22B2028,,,,,,,,,,,,,,,,,,,,,,,,,,,,,,,,,,,,,,,,,,,,,,,,,,,,,,,,,,,,,,,,D,A,C,C,C,A,A,S,B,A,E,C,C,C,C,D,B,E,B,C,,,,,,,,,,,,,,,,,,,
CS22B2029,,,,,,,,,,,,,,,,,,,,,,,,,,,,,,,,,,,,,,,,,,,,,,,,,,,,,,,,,,,,,,,,E,A,C,A,S,A,A,B,D,D,E,A,S,B,A,B,D,D,S,B,,,,,,,,,,,,,,,,,,,
CS22B2030,,,,,,,,,,,,,,,,,,,,,,,,,,,,,,,,,,,,,,,,,,,,,,,,,,,,,,,,,,,,,,,,B,E,B,B,B,B,D,A,D,A,C,S,D,E,E,A,D,D,E,D,,,,,,,,,,,,,,,,,,,
CS22B2031,,,,,,,,,,,,,,,,,,,,,,,,,,,,,,,,,,,,,,,,,,,,,,,,,,,,,,,,,,,,,,,,B,E,C,B,C,S,B,S,S,D,D,E,D,E,B,E,D,S,E,S,,,,,,,,,,,,,,,,,,,
CS22B2032,,,,,,,,,,,,,,,,,,,,,,,,,,,,,,,,,,,,,,,,,,,,,,,,,,,,,,,,,,,,,,,,E,D,B,C,A,D,D,E,A,D,D,C,S,D,D,C,A,A,E,C,,,,,,,,,,,,,,,,,,,
CS22B2033,,,,,,,,,,,,,,,,,,,,,,,,,,,,,,,,,,,,,,,,,,,,,,,,,,,,,,,,,,,,,,,,C,S,S,D,B,B,C,B,D,D,C,C,A,C,C,B,C,C,E,C,,,,,,,,,,,,,,,,,,,
CS22B2034,,,,,,,,,,,,,,,,,,,,,,,,,,,,,,,,,,,,,,,,,,,,,,,,,,,,,,,,,,,,,,,,C,D,S,D,A,C,B,E,B,E,E,C,B,S,A,B,C,E,A,E,,,,,,,,,,,,,,,,,,,
CS22B2035,,,,,,,,,,,,,,,,,,,,,,,,,,,,,,,,,,,,,,,,,,,,,,,,,,,,,,,,,,,,,,,,A,S,B,C,D,S,D,B,S,S,E,E,D,E,D,C,S,A,C,C,,,,,,,,,,,,,,,,,,,
CS22B2036,,,,,,,,,,,,,,,,,,,,,,,,,,,,,,,,,,,,,,,,,,,,,,,,,,,,,,,,,,,,,,,,E,D,C,S,C,B,E,E,A,S,A,S,B,E,E,C,A,D,A,C,,,,,,,,,,,,,,,,,,,
CS22B2037,,,,,,,,,,,,,,,,,,,,,,,,,,,,,,,,,,,,,,,,,,,,,,,,,,,,,,,,,,,,,,,,C,E,C,B,A,D,A,S,B,S,B,E,A,B,E,B,E,E,C,C,,,,,,,,,,,,,,,,,,,
CS22B2038,,,,,,,,,,,,,,,,,,,,,,,,,,,,,,,,,,,,,,,,,,,,,,,,,,,,,,,,,,,,,,,,D,S,D,C,A,B,B,D,C,B,B,C,C,B,A,D,C,B,A,B,,,,,,,,,,,,,,,,,,,
CS22B2039,,,,,,,,,,,,,,,,,,,,,,,,,,,,,,,,,,,,,,,,,,,,,,,,,,,,,,,,,,,,,,,,S,E,A,A,C,D,C,D,A,E,B,S,S,A,A,S,A,B,B,D,,,,,,,,,,,,,,,,,,,
CS22B2040,,,,,,,,,,,,,,,,,,,,,,,,,,,,,,,,,,,,,,,,,,,,,,,,,,,,,,,,,,,,,,,,D,S,B,E,S,C,A,A,C,E,B,C,D,E,C,A,A,B,B,E,,,,,,,,,,,,,,,,,,,
CS22B2041,,,,,,,,,,,,,,,,,,,,,,,,,,,,,,,,,,,,,,,,,,,,,,,,,,,,,,,,,,,,,,,,S,B,D,S,B,S,A,A,B,A,E,C,C,C,C,E,E,D,A,D,,,,,,,,,,,,,,,,,,,
CS22B2042,,,,,,,,,,,,,,,,,,,,,,,,,,,,,,,,,,,,,,,,,,,,,,,,,,,,,,,,,,,,,,,,D,E,C,D,D,S,C,B,E,S,B,D,S,E,D,D,D,S,D,D,,,,,,,,,,,,,,,,,,,
CS22B2043,,,,,,,,,,,,,,,,,,,,,,,,,,,,,,,,,,,,,,,,,,,,,,,,,,,,,,,,,,,,,,,,C,A,A,S,E,D,E,A,E,D,C,E,B,A,E,A,D,A,B,E,,,,,,,,,,,,,,,,,,,
CS22B2044,,,,,,,,,,,,,,,,,,,,,,,,,,,,,,,,,,,,,,,,,,,,,,,,,,,,,,,,,,,,,,,,D,B,A,A,S,A,C,D,E,D,E,E,B,E,B,B,D,C,C,C,,,,,,,,,,,,,,,,,,,
CS22B2045,,,,,,,,,,,,,,,,,,,,,,,,,,,,,,,,,,,,,,,,,,,,,,,,,,,,,,,,,,,,,,,,S,E,C,A,E,S,D,S,C,B,A,C,A,B,S,A,A,A,E,A,,,,,,,,,,,,,,,,,,,
CS22B2046,,,,,,,,,,,,,,,,,,,,,,,,,,,,,,,,,,,,,,,,,,,,,,,,,,,,,,,,,,,,,,,,S,C,D,C,A,S,D,S,S,A,E,D,S,E,E,S,A,B,C,A,,,,,,,,,,,,,,,,,,,
CS22B2047,,,,,,,,,,,,,,,,,,,,,,,,,,,,,,,,,,,,,,,,,,,,,,,,,,,,,,,,,,,,,,,,S,D,C,A,C,S,B,C,A,B,D,C,A,C,C,E,A,C,B,E,,,,,,,,,,,,,,,,,,,
CS22B2048,,,,,,,,,,,,,,,,,,,,,,,,,,,,,,,,,,,,,,,,,,,,,,,,,,,,,,,,,,,,,,,,A,A,E,A,A,B,E,B,B,A,C,A,A,B,A,E,E,E,A,A,,,,,,,,,,,,,,,,,,,
CS22B2049,,,,,,,,,,,,,,,,,,,,,,,,,,,,,,,,,,,,,,,,,,,,,,,,,,,,,,,,,,,,,,,,C,E,D,C,B,C,S,A,B,E,D,A,E,B,E,S,A,S,E,A,,,,,,,,,,,,,,,,,,,
CS22B2050,,,,,,,,,,,,,,,,,,,,,,,,,,,,,,,,,,,,,,,,,,,,,,,,,,,,,,,,,,,,,,,,A,B,S,C,S,C,B,D,S,E,C,A,E,B,C,D,D,D,B,S,,,,,,,,,,,,,,,,,,,
EC22B1001,,,,,,,,,,,,,,,,,,,,,,,,,,,,,,,,,,,,,,,,,,,,C,C,C,D,S,B,E,B,S,B,S,C,C,B,C,B,S,B,B,D,,,,,,,,,,,,,,,,,,,,,,,,,,,,,,,,,,,,,,,
EC22B1002,,,,,,,,,,,,,,,,,,,,,,,,,,,,,,,,,,,,,,,,,,,,S,E,D,B,B,D,A,A,A,E,S,B,D,C,A,A,D,E,S,A,,,,,,,,,,,,,,,,,,,,,,,,,,,,,,,,,,,,,,,
EC22B1003,,,,,,,,,,,,,,,,,,,,,,,,,,,,,,,,,,,,,,,,,,,,C,B,A,S,C,A,B,S,B,B,B,S,C,S,D,D,D,D,E,A,,,,,,,,,,,,,,,,,,,,,,,,,,,,,,,,,,,,,,,
EC22B1004,,,,,,,,,,,,,,,,,,,,,,,,,,,,,,,,,,,,,,,,,,,,A,A,C,B,E,D,C,E,C,E,S,S,S,B,E,S,D,B,B,S,,,,,,,,,,,,,,,,,,,,,,,,,,,,,,,,,,,,,,,
EC22B1005,,,,,,,,,,,,,,,,,,,,,,,,,,,,,,,,,,,,,,,,,,,,E,S,D,E,D,S,S,B,D,S,A,E,A,B,B,C,B,B,C,E,,,,,,,,,,,,,,,,,,,,,,,,,,,,,,,,,,,,,,,
EC22B1006,,,,,,,,,,,,,,,,,,,,,,,,,,,,,,,,,,,,,,,,,,,,B,S,S,B,C,E,C,C,D,B,B,B,S,A,B,A,B,B,E,D,,,,,,,,,,,,,,,,,,,,,,,,,,,,,,,,,,,,,,,
EC22B1007,,,,,,,,,,,,,,,,,,,,,,,,,,,,,,,,,,,,,,,,,,,,B,A,E,E,B,S,B,B,E,E,B,B,B,E,S,C,D,S,C,S,,,,,,,,,,,,,,,,,,,,,,,,,,,,,,,,,,,,,,,
EC22B1008,,,,,,,,,,,,,,,,,,,,,,,,,,,,,,,,,,,,,,,,,,,,C,B,A,C,A,B,S,A,E,S,C,S,D,S,B,D,D,A,A,S,,,,,,,,,,,,,,,,,,,,,,,,,,,,,,,,,,,,,,,
EC22B1009,,,,,,,,,,,,,,,,,,,,,,,,,,,,,,,,,,,,,,,,,,,,B,C,C,D,B,C,B,B,A,D,S,S,S,B,C,E,D,C,C,A,,,,,,,,,,,,,,,,,,,,,,,,,,,,,,,,,,,,,,,
EC22B1010,,,,,,,,,,,,,,,,,,,,,,,,,,,,,,,,,,,,,,,,,,,,D,D,C,A,E,D,B,B,D,C,C,B,A,S,C,C,A,S,D,E,,,,,,,,,,,,,,,,,,,,,,,,,,,,,,,,,,,,,,,
EC22B1011,,,,,,,,,,,,,,,,,,,,,,,,,,,,,,,,,,,,,,,,,,,,B,A,C,B,B,D,E,D,S,B,A,S,S,E,D,B,D,E,A,E,,,,,,,,,,,,,,,,,,,,,,,,,,,,,,,,,,,,,,,
EC22B1012,,,,,,,,,,,,,,,,,,,,,,,,,,,,,,,,,,,,,,,,,,,,E,S,S,D,D,B,S,B,S,E,E,S,S,C,C,A,E,B,S,D,,,,,,,,,,,,,,,,,,,,,,,,,,,,,,,,,,,,,,,
EC22B1013,,,,,,,,,,,,,,,,,,,,,,,,,,,,,,,,,,,,,,,,,,,,S,C,S,D,A,C,E,A,A,E,S,S,E,D,E,B,D,B,D,A,,,,,,,,,,,,,,,,,,,,,,,,,,,,,,,,,,,,,,,
EC22B1014,,,,,,,,,,,,,,,,,,,,,,,,,,,,,,,,,,,,,,,,,,,,S,B,C,E,B,E,E,B,B,D,D,S,A,S,S,A,D,A,A,B,,,,,,,,,,,,,,,,,,,,,,,,,,,,,,,,,,,,,,,
EC22B1015,,,,,,,,,,,,,,,,,,,,,,,,,,,,,,,,,,,,,,,,,,,,E,E,S,E,A,S,B,B,S,D,C,E,D,A,B,S,C,S,S,C,,,,,,,,,,,,,,,,,,,,,,,,,,,,,,,,,,,,,,,
EC22B1016,,,,,,,,,,,,,,,,,,,,,,,,,,,,,,,,,,,,,,,,,,,,C,D,E,C,A,B,B,C,B,E,A,D,S,A,D,E,S,C,D,A,,,,,,,,,,,,,,,,,,,,,,,,,,,,,,,,,,,,,,,
EC22B1017,,,,,,,,,,,,,,,,,,,,,,,,,,,,,,,,,,,,,,,,,,,,C,C,D,D,D,D,D,B,S,D,A,D,S,A,C,A,C,S,B,D,,,,,,,,,,,,,,,,,,,,,,,,,,,,,,,,,,,,,,,
EC22B1018,,,,,,,,,,,,,,,,,,,,,,,,,,,,,,,,,,,,,,,,,,,,D,C,B,A,S,A,E,S,C,C,C,E,D,D,A,B,B,D,S,C,,,,,,,,,,,,,,,,,,,,,,,,,,,,,,,,,,,,,,,
EC22B1019,,,,,,,,,,,,,,,,,,,,,,,,,,,,,,,,,,,,,,,,,,,,E,D,S,S,B,C,C,S,A,A,E,B,S,E,S,A,B,A,D,B,,,,,,,,,,,,,,,,,,,,,,,,,,,,,,,,,,,,,,,
EC22B1020,,,,,,,,,,,,,,,,,,,,,,,,,,,,,,,,,,,,,,,,,,,,A,D,B,B,B,C,E,D,C,E,A,D,B,A,B,B,D,C,B,B,,,,,,,,,,,,,,,,,,,,,,,,,,,,,,,,,,,,,,,
EC22B1021,,,,,,,,,,,,,,,,,,,,,,,,,,,,,,,,,,,,,,,,,,,,A,S,B,D,E,E,B,S,D,C,E,B,B,D,E,A,A,S,C,D,,,,,,,,,,,,,,,,,,,,,,,,,,,,,,,,,,,,,,,
EC22B1022,,,,,,,,,,,,,,,,,,,,,,,,,,,,,,,,,,,,,,,,,,,,E,A,C,S,B,D,B,S,A,S,E,B,S,A,B,C,S,E,A,B,,,,,,,,,,,,,,,,,,,,,,,,,,,,,,,,,,,,,,,
EC22B1023,,,,,,,,,,,,,,,,,,,,,,,,,,,,,,,,,,,,,,,,,,,,A,S,A,A,E,A,S,D,B,A,B,S,A,E,D,S,A,B,D,D,,,,,,,,,,,,,,,,,,,,,,,,,,,,,,,,,,,,,,,
EC22B1024,,,,,,,,,,,,,,,,,,,,,,,,,,,,,,,,,,,,,,,,,,,,E,E,E,D,A,D,B,A,E,E,A,D,E,D,E,E,A,C,D,E,,,,,,,,,,,,,,,,,,,,,,,,,,,,,,,,,,,,,,,
EC22B1025,,,,,,,,,,,,,,,,,,,,,,,,,,,,,,,,,,,,,,,,,,,,D,S,C,S,C,A,B,A,C,C,B,D,A,D,S,S,C,E,E,B,,,,,,,,,,,,,,,,,,,,,,,,,,,,,,,,,,,,,,,
EC22B1026,,,,,,,,,,,,,,,,,,,,,,,,,,,,,,,,,,,,,,,,,,,,C,S,E,B,S,D,D,E,D,S,S,B,C,A,E,S,S,D,A,D,,,,,,,,,,,,,,,,,,,,,,,,,,,,,,,,,,,,,,,
EC22B1027,,,,,,,,,,,,,,,,,,,,,,,,,,,,,,,,,,,,,,,,,,,,E,S,B,C,D,B,A,A,D,E,D,S,E,D,E,A,D,A,S,E,,,,,,,,,,,,,,,,,,,,,,,,,,,,,,,,,,,,,,,
EC22B1028,,,,,,,,,,,,,,,,,,,,,,,,,,,,,,,,,,,,,,,,,,,,S,B,A,B,D,A,A,B,B,S,A,C,D,E,A,C,A,E,B,C,,,,,,,,,,,,,,,,,,,,,,,,,,,,,,,,,,,,,,,
EC22B1029,,,,,,,,,,,,,,,,,,,,,,,,,,,,,,,,,,,,,,,,,,,,E,E,E,S,S,C,E,D,A,D,D,S,A,A,E,B,E,S,C,S,,,,,,,,,,,,,,,,,,,,,,,,,,,,,,,,,,,,,,,
EC22B1030,,,,,,,,,,,,,,,,,,,,,,,,,,,,,,,,,,,,,,,,,,,,A,D,A,C,S,B,A,C,B,A,B,B,E,S,B,B,D,E,A,C,,,,,,,,,,,,,,,,,,,,,,,,,,,,,,,,,,,,,,,
EC22B1031,,,,,,,,,,,,,,,,,,,,,,,,,,,,,,,,,,,,,,,,,,,,S,S,A,S,D,B,S,S,E,E,E,S,D,B,B,C,A,D,C,S,,,,,,,,,,,,,,,,,,,,,,,,,,,,,,,,,,,,,,,
EC22B1032,,,,,,,,,,,,,,,,,,,,,,,,,,,,,,,,,,,,,,,,,,,,C,S,D,E,E,C,C,E,B,D,B,C,S,B,E,S,S,A,C,A,,,,,,,,,,,,,,,,,,,,,,,,,,,,,,,,,,,,,,,
EC22B1033,,,,,,,,,,,,,,,,,,,,,,,,,,,,,,,,,,,,,,,,,,,,C,E,E,S,D,C,E,B,C,C,S,S,D,S,A,D,D,B,C,S,,,,,,,,,,,,,,,,,,,,,,,,,,,,,,,,,,,,,,,
EC22B1034,,,,,,,,,,,,,,,,,,,,,,,,,,,,,,,,,,,,,,,,,,,,A,D,A,S,D,B,D,E,S,A,E,B,S,C,B,D,E,A,B,E,,,,,,,,,,,,,,,,,,,,,,,,,,,,,,,,,,,,,,,
EC22B1035,,,,,,,,,,,,,,,,,,,,,,,,,,,,,,,,,,,,,,,,,,,,B,S,B,A,E,A,E,B,D,D,C,C,E,D,B,B,S,C,D,A,,,,,,,,,,,,,,,,,,,,,,,,,,,,,,,,,,,,,,,
EC22B1036,,,,,,,,,,,,,,,,,,,,,,,,,,,,,,,,,,,,,,,,,,,,C,S,D,C,E,E,D,E,C,A,C,A,E,B,B,E,A,S,E,B,,,,,,,,,,,,,,,,,,,,,,,,,,,,,,,,,,,,,,,
EC22B1037,,,,,,,,,,,,,,,,,,,,,,,,,,,,,,,,,,,,,,,,,,,,A,B,A,D,D,D,E,A,C,S,A,D,E,D,B,D,D,C,E,D,,,,,,,,,,,,,,,,,,,,,,,,,,,,,,,,,,,,,,,
EC22B1038,,,,,,,,,,,,,,,,,,,,,,,,,,,,,,,,,,,,,,,,,,,,A,C,D,A,B,C,B,C,C,A,E,C,S,E,D,S,C,S,S,C,,,,,,,,,,,,,,,,,,,,,,,,,,,,,,,,,,,,,,,
EC22B1039,,,,,,,,,,,,,,,,,,,,,,,,,,,,,,,,,,,,,,,,,,,,C,A,D,C,B,A,A,A,E,D,C,D,C,D,C,S,D,S,D,B,,,,,,,,,,,,,,,,,,,,,,,,,,,,,,,,,,,,,,,
EC22B1040,,,,,,,,,,,,,,,,,,,,,,,,,,,,,,,,,,,,,,,,,,,,S,A,S,C,B,E,A,C,B,D,B,S,A,D,B,A,S,S,E,D,,,,,,,,,,,,,,,,,,,,,,,,,,,,,,,,,,,,,,,
EC22B1041,,,,,,,,,,,,,,,,,,,,,,,,,,,,,,,,,,,,,,,,,,,,C,B,A,E,D,S,S,D,S,E,E,S,B,D,S,A,S,A,E,C,,,,,,,,,,,,,,,,,,,,,,,,,,,,,,,,,,,,,,,
EC22B1042,,,,,,,,,,,,,,,,,,,,,,,,,,,,,,,,,,,,,,,,,,,,S,C,C,S,S,E,B,D,A,S,A,C,C,S,A,D,C,C,B,C,,,,,,,,,,,,,,,,,,,,,,,,,,,,,,,,,,,,,,,
EC22B1043,,,,,,,,,,,,,,,,,,,,,,,,,,,,,,,,,,,,,,,,,,,,D,B,A,S,D,S,B,A,D,D,S,E,A,D,D,E,E,A,S,E,,,,,,,,,,,,,,,,,,,,,,,,,,,,,,,,,,,,,,,
EC22B1044,,,,,,,,,,,,,,,,,,,,,,,,,,,,,,,,,,,,,,,,,,,,D,B,E,A,S,C,S,D,S,B,B,S,D,S,E,D,D,D,C,D,,,,,,,,,,,,,,,,,,,,,,,,,,,,,,,,,,,,,,,
EC22B1045,,,,,,,,,,,,,,,,,,,,,,,,,,,,,,,,,,,,,,,,,,,,D,S,B,A,A,C,C,A,S,A,A,E,A,E,B,E,S,D,S,C,,,,,,,,,,,,,,,,,,,,,,,,,,,,,,,,,,,,,,,
EC22B1046,,,,,,,,,,,,,,,,,,,,,,,,,,,,,,,,,,,,,,,,,,,,E,B,B,A,E,C,B,D,B,S,C,B,B,D,A,S,A,S,D,E,,,,,,,,,,,,,,,,,,,,,,,,,,,,,,,,,,,,,,,
EC22B1047,,,,,,,,,,,,,,,,,,,,,,,,,,,,,,,,,,,,,,,,,,,,D,D,C,D,C,S,C,S,B,S,B,A,C,C,C,D,S,B,B,E,,,,,,,,,,,,,,,,,,,,,,,,,,,,,,,,,,,,,,,
EC22B1048,,,,,,,,,,,,,,,,,,,,,,,,,,,,,,,,,,,,,,,,,,,,C,S,S,C,B,S,B,E,B,S,B,B,D,A,C,E,D,C,A,B,,,,,,,,,,,,,,,,,,,,,,,,,,,,,,,,,,,,,,,
EC22B1049,,,,,,,,,,,,,,,,,,,,,,,,,,,,,,,,,,,,,,,,,,,,D,E,B,B,B,D,E,S,S,S,S,C,A,S,A,A,S,C,D,E,,,,,,,,,,,,,,,,,,,,,,,,,,,,,,,,,,,,,,,
EC22B1050,,,,,,,,,,,,,,,,,,,,,,,,,,,,,,,,,,,,,,,,,,,,D,S,A,S,S,A,E,S,S,A,B,S,E,D,B,C,D,C,S,B,,,,,,,,,,,,,,,,,,,,,,,,,,,,,,,,,,,,,,,
EC22B1051,,,,,,,,,,,,,,,,,,,,,,,,,,,,,,,,,,,,,,,,,,,,E,B,E,D,E,E,A,D,B,C,C,C,E,C,S,D,B,S,C,S,,,,,,,,,,,,,,,,,,,,,,,,,,,,,,,,,,,,,,,
EC22B1052,,,,,,,,,,,,,,,,,,,,,,,,,,,,,,,,,,,,,,,,,,,,A,A,E,A,C,B,B,A,C,B,S,A,B,C,C,C,S,E,E,C,,,,,,,,,,,,,,,,,,,,,,,,,,,,,,,,,,,,,,,
EC22B1053,,,,,,,,,,,,,,,,,,,,,,,,,,,,,,,,,,,,,,,,,,,,S,S,S,E,B,A,A,D,B,S,D,S,S,D,S,E,E,B,E,B,,,,,,,,,,,,,,,,,,,,,,,,,,,,,,,,,,,,,,,
EC22B1054,,,,,,,,,,,,,,,,,,,,,,,,,,,,,,,,,,,,,,,,,,,,C,B,B,D,E,D,C,A,E,C,D,S,D,C,C,A,S,A,A,A,,,,,,,,,,,,,,,,,,,,,,,,,,,,,,,,,,,,,,,
EC22B1055,,,,,,,,,,,,,,,,,,,,,,,,,,,,,,,,,,,,,,,,,,,,A,A,B,E,S,S,B,D,D,B,B,C,S,D,S,S,C,C,D,A,,,,,,,,,,,,,,,,,,,,,,,,,,,,,,,,,,,,,,,
EC22B1056,,,,,,,,,,,,,,,,,,,,,,,,,,,,,,,,,,,,,,,,,,,,S,A,A,B,B,D,E,B,A,S,E,B,S,C,B,E,E,E,S,E,,,,,,,,,,,,,,,,,,,,,,,,,,,,,,,,,,,,,,,
EC22B1057,,,,,,,,,,,,,,,,,,,,,,,,,,,,,,,,,,,,,,,,,,,,A,C,B,S,C,E,S,B,B,A,D,D,D,E,D,A,A,S,D,B,,,,,,,,,,,,,,,,,,,,,,,,,,,,,,,,,,,,,,,
EC22B1058,,,,,,,,,,,,,,,,,,,,,,,,,,,,,,,,,,,,,,,,,,,,D,B,A,A,A,E,B,D,B,C,E,C,S,C,E,C,C,S,S,D,,,,,,,,,,,,,,,,,,,,,,,,,,,,,,,,,,,,,,,
EC22B1059,,,,,,,,,,,,,,,,,,,,,,,,,,,,,,,,,,,,,,,,,,,,S,A,E,D,A,E,B,E,S,C,B,D,E,C,E,D,C,C,E,B,,,,,,,,,,,,,,,,,,,,,,,,,,,,,,,,,,,,,,,
EC22B1060,,,,,,,,,,,,,,,,,,,,,,,,,,,,,,,,,,,,,,,,,,,,C,D,B,C,S,E,E,B,E,C,S,C,B,S,D,D,E,D,E,E,,,,,,,,,,,,,,,,,,,,,,,,,,,,,,,,,,,,,,,
EC22B1061,,,,,,,,,,,,,,,,,,,,,,,,,,,,,,,,,,,,,,,,,,,,B,S,E,E,E,S,A,S,D,D,D,C,D,E,C,A,D,S,C,D,,,,,,,,,,,,,,,,,,,,,,,,,,,,,,,,,,,,,,,
EC22B1062,,,,,,,,,,,,,,,,,,,,,,,,,,,,,,,,,,,,,,,,,,,,S,A,A,E,B,A,A,B,A,B,B,S,D,E,C,S,D,B,D,B,,,,,,,,,,,,,,,,,,,,,,,,,,,,,,,,,,,,,,,
EC22B1063,,,,,,,,,,,,,,,,,,,,,,,,,,,,,,,,,,,,,,,,,,,,C,E,S,D,D,D,E,S,C,A,C,E,B,C,S,B,B,C,S,B,,,,,,,,,,,,,,,,,,,,,,,,,,,,,,,,,,,,,,,
EC22B1064,,,,,,,,,,,,,,,,,,,,,,,,,,,,,,,,,,,,,,,,,,,,E,E,A,A,E,D,S,D,C,A,S,D,D,S,C,D,D,S,C,B,,,,,,,,,,,,,,,,,,,,,,,,,,,,,,,,,,,,,,,
EC22B1065,,,,,,,,,,,,,,,,,,,,,,,,,,,,,,,,,,,,,,,,,,,,B,S,E,D,S,A,B,C,A,S,S,B,A,A,A,E,B,A,D,A,,,,,,,,,,,,,,,,,,,,,,,,,,,,,,,,,,,,,,,
EC22B1066,,,,,,,,,,,,,,,,,,,,,,,,,,,,,,,,,,,,,,,,,,,,S,B,B,D,A,A,A,S,E,B,A,D,E,D,D,S,D,B,B,A,,,,,,,,,,,,,,,,,,,,,,,,,,,,,,,,,,,,,,,
EC22B1067,,,,,,,,,,,,,,,,,,,,,,,,,,,,,,,,,,,,,,,,,,,,D,B,C,D,D,B,A,C,D,E,A,S,S,D,D,E,C,E,S,D,,,,,,,,,,,,,,,,,,,,,,,,,,,,,,,,,,,,,,,
EC22B1068,,,,,,,,,,,,,,,,,,,,,,,,,,,,,,,,,,,,,,,,,,,,C,C,S,E,B,B,E,S,S,D,E,C,D,S,E,B,C,S,B,A,,,,,,,,,,,,,,,,,,,,,,,,,,,,,,,,,,,,,,,
EC22B1069,,,,,,,,,,,,,,,,,,,,,,,,,,,,,,,,,,,,,,,,,,,,S,E,S,A,E,S,S,C,D,A,E,S,E,D,B,S,E,A,C,C,,,,,,,,,,,,,,,,,,,,,,,,,,,,,,,,,,,,,,,
EC22B1070,,,,,,,,,,,,,,,,,,,,,,,,,,,,,,,,,,,,,,,,,,,,B,E,S,D,S,A,S,C,S,A,C,B,A,B,B,A,E,E,D,B,,,,,,,,,,,,,,,,,,,,,,,,,,,,,,,,,,,,,,,
EC22B1071,,,,,,,,,,,,,,,,,,,,,,,,,,,,,,,,,,,,,,,,,,,,A,B,S,E,E,D,S,D,E,A,B,A,B,D,A,D,C,D,A,E,,,,,,,,,,,,,,,,,,,,,,,,,,,,,,,,,,,,,,,
EC22B1072,,,,,,,,,,,,,,,,,,,,,,,,,,,,,,,,,,,,,,,,,,,,D,E,E,S,B,D,E,S,C,B,E,C,B,S,D,D,E,B,D,S,,,,,,,,,,,,,,,,,,,,,,,,,,,,,,,,,,,,,,,
EC22B1073,,,,,,,,,,,,,,,,,,,,,,,,,,,,,,,,,,,,,,,,,,,,C,C,B,S,S,S,E,A,D,A,S,B,D,C,D,A,D,D,D,D,,,,,,,,,,,,,,,,,,,,,,,,,,,,,,,,,,,,,,,
EC22B1074,,,,,,,,,,,,,,,,,,,,,,,,,,,,,,,,,,,,,,,,,,,,A,E,S,C,S,B,D,S,E,A,S,S,C,D,B,A,B,B,S,E,,,,,,,,,,,,,,,,,,,,,,,,,,,,,,,,,,,,,,,
EC22B1075,,,,,,,,,,,,,,,,,,,,,,,,,,,,,,,,,,,,,,,,,,,,A,S,E,S,E,D,C,D,C,D,C,B,A,C,D,D,C,A,E,E,,,,,,,,,,,,,,,,,,,,,,,,,,,,,,,,,,,,,,,
EC22B1076,,,,,,,,,,,,,,,,,,,,,,,,,,,,,,,,,,,,,,,,,,,,C,A,E,S,B,C,D,D,C,B,S,E,D,S,S,E,S,A,C,A,,,,,,,,,,,,,,,,,,,,,,,,,,,,,,,,,,,,,,,
EC22B1077,,,,,,,,,,,,,,,,,,,,,,,,,,,,,,,,,,,,,,,,,,,,C,A,C,A,B,B,C,B,S,E,E,S,D,E,D,S,A,B,C,E,,,,,,,,,,,,,,,,,,,,,,,,,,,,,,,,,,,,,,,
EC22B1078,,,,,,,,,,,,,,,,,,,,,,,,,,,,,,,,,,,,,,,,,,,,E,B,S,S,A,A,D,D,C,A,D,A,S,B,E,A,A,S,D,E,,,,,,,,,,,,,,,,,,,,,,,,,,,,,,,,,,,,,,,
EC22B1079,,,,,,,,,,,,,,,,,,,,,,,,,,,,,,,,,,,,,,,,,,,,B,S,S,B,A,E,S,E,C,C,D,B,D,A,B,C,B,B,A,S,,,,,,,,,,,,,,,,,,,,,,,,,,,,,,,,,,,,,,,
EC22B1080,,,,,,,,,,,,,,,,,,,,,,,,,,,,,,,,,,,,,,,,,,,,A,S,A,S,C,E,S,A,S,B,B,E,E,C,B,C,D,S,E,B,,,,,,,,,,,,,,,,,,,,,,,,,,,,,,,,,,,,,,,
EC22B1081,,,,,,,,,,,,,,,,,,,,,,,,,,,,,,,,,,,,,,,,,,,,D,B,A,B,S,D,E,C,S,C,E,C,C,A,A,D,B,E,B,C,,,,,,,,,,,,,,,,,,,,,,,,,,,,,,,,,,,,,,,
EC22B1082,,,,,,,,,,,,,,,,,,,,,,,,,,,,,,,,,,,,,,,,,,,,D,E,A,A,C,S,D,B,C,B,C,B,C,E,S,D,S,C,D,B,,,,,,,,,,,,,,,,,,,,,,,,,,,,,,,,,,,,,,,
EC22B1083,,,,,,,,,,,,,,,,,,,,,,,,,,,,,,,,,,,,,,,,,,,,E,E,A,E,A,B,A,B,D,C,D,S,C,S,A,B,S,C,B,A,,,,,,,,,,,,,,,,,,,,,,,,,,,,,,,,,,,,,,,
EC22B1084,,,,,,,,,,,,,,,,,,,,,,,,,,,,,,,,,,,,,,,,,,,,B,B,C,C,S,S,C,C,S,C,B,S,D,C,B,A,A,A,A,C,,,,,,,,,,,,,,,,,,,,,,,,,,,,,,,,,,,,,,,
EC22B1085,,,,,,,,,,,,,,,,,,,,,,,,,,,,,,,,,,,,,,,,,,,,E,B,A,S,A,S,E,D,B,C,A,S,E,A,S,A,B,A,A,S,,,,,,,,,,,,,,,,,,,,,,,,,,,,,,,,,,,,,,,
EC22B1086,,,,,,,,,,,,,,,,,,,,,,,,,,,,,,,,,,,,,,,,,,,,B,S,C,E,D,A,B,S,B,C,D,E,B,D,C,C,E,A,B,E,,,,,,,,,,,,,,,,,,,,,,,,,,,,,,,,,,,,,,,
EC22B1087,,,,,,,,,,,,,,,,,,,,,,,,,,,,,,,,,,,,,,,,,,,,S,D,C,D,D,C,S,E,E,A,B,D,B,C,D,E,S,D,S,A,,,,,,,,,,,,,,,,,,,,,,,,,,,,,,,,,,,,,,,
EC22B1088,,,,,,,,,,,,,,,,,,,,,,,,,,,,,,,,,,,,,,,,,,,,B,E,A,S,D,C,B,S,E,D,A,B,S,C,B,A,B,D,C,C,,,,,,,,,,,,,,,,,,,,,,,,,,,,,,,,,,,,,,,
EC22B1089,,,,,,,,,,,,,,,,,,,,,,,,,,,,,,,,,,,,,,,,,,,,E,C,A,C,S,E,B,A,B,D,D,A,A,S,E,D,D,A,A,D,,,,,,,,,,,,,,,,,,,,,,,,,,,,,,,,,,,,,,,
EC22B1090,,,,,,,,,,,,,,,,,,,,,,,,,,,,,,,,,,,,,,,,,,,,D,S,A,S,C,D,B,C,E,S,S,E,C,E,E,E,S,E,D,E,,,,,,,,,,,,,,,,,,,,,,,,,,,,,,,,,,,,,,,
EC22B1091,,,,,,,,,,,,,,,,,,,,,,,,,,,,,,,,,,,,,,,,,,,,C,D,E,B,S,C,S,S,B,D,E,D,S,A,B,S,B,C,E,B,,,,,,,,,,,,,,,,,,,,,,,,,,,,,,,,,,,,,,,
EC22B1092,,,,,,,,,,,,,,,,,,,,,,,,,,,,,,,,,,,,,,,,,,,,C,C,A,B,E,B,S,A,S,S,A,B,A,S,B,S,C,C,S,A,,,,,,,,,,,,,,,,,,,,,,,,,,,,,,,,,,,,,,,
EC22B1093,,,,,,,,,,,,,,,,,,,,,,,,,,,,,,,,,,,,,,,,,,,,D,E,A,D,A,D,C,B,B,C,C,C,E,D,D,E,D,E,B,D,,,,,,,,,,,,,,,,,,,,,,,,,,,,,,,,,,,,,,,
EC22B1094,,,,,,,,,,,,,,,,,,,,,,,,,,,,,,,,,,,,,,,,,,,,D,E,C,C,C,S,C,E,D,A,E,S,B,B,E,A,C,D,C,D,,,,,,,,,,,,,,,,,,,,,,,,,,,,,,,,,,,,,,,
EC22B1095,,,,,,,,,,,,,,,,,,,,,,,,,,,,,,,,,,,,,,,,,,,,A,A,S,D,B,S,B,B,D,S,S,C,B,B,S,B,S,B,C,D,,,,,,,,,,,,,,,,,,,,,,,,,,,,,,,,,,,,,,,
EC22B1096,,,,,,,,,,,,,,,,,,,,,,,,,,,,,,,,,,,,,,,,,,,,A,S,E,C,S,B,A,D,C,B,A,A,S,B,D,S,D,C,C,B,,,,,,,,,,,,,,,,,,,,,,,,,,,,,,,,,,,,,,,
EC22B1097,,,,,,,,,,,,,,,,,,,,,,,,,,,,,,,,,,,,,,,,,,,,C,S,C,C,A,S,S,S,A,S,C,D,D,D,D,A,D,A,A,C,,,,,,,,,,,,,,,,,,,,,,,,,,,,,,,,,,,,,,,
EC22B1098,,,,,,,,,,,,,,,,,,,,,,,,,,,,,,,,,,,,,,,,,,,,S,B,D,A,S,B,E,S,B,D,A,S,B,C,S,B,C,B,A,E,,,,,,,,,,,,,,,,,,,,,,,,,,,,,,,,,,,,,,,
EC22B1099,,,,,,,,,,,,,,,,,,,,,,,,,,,,,,,,,,,,,,,,,,,,A,D,A,E,C,A,D,E,E,A,A,B,A,A,S,E,A,E,B,S,,,,,,,,,,,,,,,,,,,,,,,,,,,,,,,,,,,,,,,
EC22B1100,,,,,,,,,,,,,,,,,,,,,,,,,,,,,,,,,,,,,,,,,,,,E,A,D,C,A,B,C,B,C,D,E,C,A,D,B,D,S,A,B,S,,,,,,,,,,,,,,,,,,,,,,,,,,,,,,,,,,,,,,,
EC22B1101,,,,,,,,,,,,,,,,,,,,,,,,,,,,,,,,,,,,,,,,,,,,A,S,C,C,A,B,D,E,C,E,C,A,C,D,D,E,D,S,D,S,,,,,,,,,,,,,,,,,,,,,,,,,,,,,,,,,,,,,,,
EC22B1102,,,,,,,,,,,,,,,,,,,,,,,,,,,,,,,,,,,,,,,,,,,,D,D,D,D,D,D,D,E,S,C,A,D,C,D,D,A,C,B,C,S,,,,,,,,,,,,,,,,,,,,,,,,,,,,,,,,,,,,,,,
EC22B1103,,,,,,,,,,,,,,,,,,,,,,,,,,,,,,,,,,,,,,,,,,,,D,A,C,B,C,A,S,A,B,E,E,C,A,B,B,D,C,A,E,A,,,,,,,,,,,,,,,,,,,,,,,,,,,,,,,,,,,,,,,
EC22B1104,,,,,,,,,,,,,,,,,,,,,,,,,,,,,,,,,,,,,,,,,,,,B,A,C,E,E,E,A,E,A,C,B,D,B,C,D,C,D,A,B,E,,,,,,,,,,,,,,,,,,,,,,,,,,,,,,,,,,,,,,,
EC22B1105,,,,,,,,,,,,,,,,,,,,,,,,,,,,,,,,,,,,,,,,,,,,B,A,E,C,C,B,A,D,C,A,D,S,E,S,A,A,A,S,E,C,,,,,,,,,,,,,,,,,,,,,,,,,,,,,,,,,,,,,,,
EC22B1106,,,,,,,,,,,,,,,,,,,,,,,,,,,,,,,,,,,,,,,,,,,,C,E,A,B,A,S,S,A,S,B,D,B,A,S,B,A,S,D,A,A,,,,,,,,,,,,,,,,,,,,,,,,,,,,,,,,,,,,,,,
EC22B1107,,,,,,,,,,,,,,,,,,,,,,,,,,,,,,,,,,,,,,,,,,,,A,S,D,S,E,D,B,C,S,S,C,B,S,E,D,C,C,E,S,B,,,,,,,,,,,,,,,,,,,,,,,,,,,,,,,,,,,,,,,
EC22B1108,,,,,,,,,,,,,,,,,,,,,,,,,,,,,,,,,,,,,,,,,,,,S,D,B,A,E,D,S,D,D,E,S,B,E,B,B,E,E,S,E,E,,,,,,,,,,,,,,,,,,,,,,,,,,,,,,,,,,,,,,,
EC22B1109,,,,,,,,,,,,,,,,,,,,,,,,,,,,,,,,,,,,,,,,,,,,E,S,C,A,A,E,C,C,D,B,D,S,C,D,B,D,D,C,A,A,,,,,,,,,,,,,,,,,,,,,,,,,,,,,,,,,,,,,,,
EC22B1110,,,,,,,,,,,,,,,,,,,,,,,,,,,,,,,,,,,,,,,,,,,,D,A,A,E,D,B,S,A,D,D,E,C,C,E,C,E,D,S,A,D,,,,,,,,,,,,,,,,,,,,,,,,,,,,,,,,,,,,,,,
EC22B1111,,,,,,,,,,,,,,,,,,,,,,,,,,,,,,,,,,,,,,,,,,,,D,E,C,A,E,B,A,C,E,B,C,E,D,S,D,D,D,B,C,B,,,,,,,,,,,,,,,,,,,,,,,,,,,,,,,,,,,,,,,
EC22B1112,,,,,,,,,,,,,,,,,,,,,,,,,,,,,,,,,,,,,,,,,,,,E,S,C,E,C,A,E,D,E,E,S,A,A,D,E,S,E,B,D,S,,,,,,,,,,,,,,,,,,,,,,,,,,,,,,,,,,,,,,,
EC22B1113,,,,,,,,,,,,,,,,,,,,,,,,,,,,,,,,,,,,,,,,,,,,S,S,D,D,B,C,S,A,A,B,E,B,A,A,C,A,E,E,D,B,,,,,,,,,,,,,,,,,,,,,,,,,,,,,,,,,,,,,,,
EC22B1114,,,,,,,,,,,,,,,,,,,,,,,,,,,,,,,,,,,,,,,,,,,,A,B,E,A,E,S,S,D,S,D,D,S,D,E,B,C,A,S,C,C,,,,,,,,,,,,,,,,,,,,,,,,,,,,,,,,,,,,,,,
EC22B1115,,,,,,,,,,,,,,,,,,,,,,,,,,,,,,,,,,,,,,,,,,,,E,E,B,B,C,C,A,S,A,E,B,A,E,D,S,B,B,C,E,A,,,,,,,,,,,,,,,,,,,,,,,,,,,,,,,,,,,,,,,
EC22B1116,,,,,,,,,,,,,,,,,,,,,,,,,,,,,,,,,,,,,,,,,,,,D,E,A,C,C,S,D,C,S,B,D,B,S,E,D,C,A,D,S,E,,,,,,,,,,,,,,,,,,,,,,,,,,,,,,,,,,,,,,,
EC22B1117,,,,,,,,,,,,,,,,,,,,,,,,,,,,,,,,,,,,,,,,,,,,B,E,C,D,E,E,S,B,S,E,D,B,B,A,C,B,E,A,D,D,,,,,,,,,,,,,,,,,,,,,,,,,,,,,,,,,,,,,,,
EC22B1118,,,,,,,,,,,,,,,,,,,,,,,,,,,,,,,,,,,,,,,,,,,,A,A,C,B,A,C,B,A,C,D,D,S,D,A,E,B,A,S,E,C,,,,,,,,,,,,,,,,,,,,,,,,,,,,,,,,,,,,,,,
EC22B1119,,,,,,,,,,,,,,,,,,,,,,,,,,,,,,,,,,,,,,,,,,,,S,D,C,C,S,C,E,D,S,E,A,A,D,E,D,S,S,D,D,C,,,,,,,,,,,,,,,,,,,,,,,,,,,,,,,,,,,,,,,
EC22B1120,,,,,,,,,,,,,,,,,,,,,,,,,,,,,,,,,,,,,,,,,,,,E,A,A,A,D,C,C,B,S,D,E,B,B,B,B,A,B,C,S,B,,,,,,,,,,,,,,,,,,,,,,,,,,,,,,,,,,,,,,,
EC22B1121,,,,,,,,,,,,,,,,,,,,,,,,,,,,,,,,,,,,,,,,,,,,D,C,S,S,A,E,C,A,B,B,A,S,C,S,E,S,E,S,E,E,,,,,,,,,,,,,,,,,,,,,,,,,,,,,,,,,,,,,,,
EC22B1122,,,,,,,,,,,,,,,,,,,,,,,,,,,,,,,,,,,,,,,,,,,,C,D,E,E,B,S,A,E,S,A,E,D,E,E,C,B,S,A,C,D,,,,,,,,,,,,,,,,,,,,,,,,,,,,,,,,,,,,,,,
EC22B1123,,,,,,,,,,,,,,,,,,,,,,,,,,,,,,,,,,,,,,,,,,,,S,C,D,C,S,C,S,D,C,A,B,B,C,B,E,D,C,E,C,S,,,,,,,,,,,,,,,,,,,,,,,,,,,,,,,,,,,,,,,
EC22B1124,,,,,,,,,,,,,,,,,,,,,,,,,,,,,,,,,,,,,,,,,,,,C,C,C,C,D,C,E,D,C,C,B,E,C,B,C,E,C,E,B,C,,,,,,,,,,,,,,,,,,,,,,,,,,,,,,,,,,,,,,,
EC22B1125,,,,,,,,,,,,,,,,,,,,,,,,,,,,,,,,,,,,,,,,,,,,B,A,E,E,E,C,D,E,S,A,B,A,E,A,A,A,C,D,C,E,,,,,,,,,,,,,,,,,,,,,,,,,,,,,,,,,,,,,,,
EC22B1126,,,,,,,,,,,,,,,,,,,,,,,,,,,,,,,,,,,,,,,,,,,,C,E,S,B,A,A,B,C,E,S,B,C,E,D,A,D,S,A,A,C,,,,,,,,,,,,,,,,,,,,,,,,,,,,,,,,,,,,,,,
EC22B1127,,,,,,,,,,,,,,,,,,,,,,,,,,,,,,,,,,,,,,,,,,,,S,D,D,C,E,D,E,S,A,A,C,C,E,C,D,B,S,C,A,D,,,,,,,,,,,,,,,,,,,,,,,,,,,,,,,,,,,,,,,
EC22B1128,,,,,,,,,,,,,,,,,,,,,,,,,,,,,,,,,,,,,,,,,,,,C,A,B,S,S,B,E,S,D,C,D,E,A,B,D,D,B,S,D,C,,,,,,,,,,,,,,,,,,,,,,,,,,,,,,,,,,,,,,,
EC22B1129,,,,,,,,,,,,,,,,,,,,,,,,,,,,,,,,,,,,,,,,,,,,B,B,E,S,C,B,B,B,D,D,B,S,A,E,D,S,E,B,S,S,,,,,,,,,,,,,,,,,,,,,,,,,,,,,,,,,,,,,,,
EC22B1130,,,,,,,,,,,,,,,,,,,,,,,,,,,,,,,,,,,,,,,,,,,,A,D,D,B,D,A,D,E,D,E,C,D,C,A,E,E,B,S,B,E,,,,,,,,,,,,,,,,,,,,,,,,,,,,,,,,,,,,,,,
EC22B1131,,,,,,,,,,,,,,,,,,,,,,,,,,,,,,,,,,,,,,,,,,,,S,S,B,C,A,E,B,E,D,E,S,C,A,S,D,D,D,B,D,C,,,,,,,,,,,,,,,,,,,,,,,,,,,,,,,,,,,,,,,
EC22B1132,,,,,,,,,,,,,,,,,,,,,,,,,,,,,,,,,,,,,,,,,,,,E,S,E,E,C,C,C,A,B,A,D,B,C,E,B,B,C,E,S,D,,,,,,,,,,,,,,,,,,,,,,,,,,,,,,,,,,,,,,,
EC22B1133,,,,,,,,,,,,,,,,,,,,,,,,,,,,,,,,,,,,,,,,,,,,B,C,B,D,B,D,B,S,E,E,E,A,D,S,A,E,A,D,S,S,,,,,,,,,,,,,,,,,,,,,,,,,,,,,,,,,,,,,,,
EC22B1134,,,,,,,,,,,,,,,,,,,,,,,,,,,,,,,,,,,,,,,,,,,,A,A,C,E,C,S,C,C,S,B,C,S,S,D,B,C,E,B,A,C,,,,,,,,,,,,,,,,,,,,,,,,,,,,,,,,,,,,,,,
EC22B1135,,,,,,,,,,,,,,,,,,,,,,,,,,,,,,,,,,,,,,,,,,,,A,B,B,E,D,A,E,B,C,E,D,B,B,B,D,E,E,C,D,D,,,,,,,,,,,,,,,,,,,,,,,,,,,,,,,,,,,,,,,
ME22B1001,E,C,S,E,B,E,C,D,B,C,B,B,C,S,B,D,A,,,,,,,,,,,,,,,,,,,,,,,,,,,,,,,,,,,,,,,,,,,,,,,,,,,,,,,,,,,,,,,,,,,,,,,,,,,,,,,,,,,,,
ME22B1002,C,C,E,E,S,B,A,E,D,C,S,A,E,A,S,D,B,,,,,,,,,,,,,,,,,,,,,,,,,,,,,,,,,,,,,,,,,,,,,,,,,,,,,,,,,,,,,,,,,,,,,,,,,,,,,,,,,,,,,
ME22B1003,S,A,E,D,D,D,B,D,E,B,E,E,D,A,D,E,C,,,,,,,,,,,,,,,,,,,,,,,,,,,,,,,,,,,,,,,,,,,,,,,,,,,,,,,,,,,,,,,,,,,,,,,,,,,,,,,,,,,,,
ME22B1004,A,C,S,D,S,E,S,E,D,D,D,A,B,D,A,B,B,,,,,,,,,,,,,,,,,,,,,,,,,,,,,,,,,,,,,,,,,,,,,,,,,,,,,,,,,,,,,,,,,,,,,,,,,,,,,,,,,,,,,
ME22B1005,B,D,D,A,A,E,D,B,D,S,C,B,B,E,D,B,B,,,,,,,,,,,,,,,,,,,,,,,,,,,,,,,,,,,,,,,,,,,,,,,,,,,,,,,,,,,,,,,,,,,,,,,,,,,,,,,,,,,,,
ME22B1006,A,C,E,S,E,D,A,E,S,E,D,E,C,C,E,C,A,,,,,,,,,,,,,,,,,,,,,,,,,,,,,,,,,,,,,,,,,,,,,,,,,,,,,,,,,,,,,,,,,,,,,,,,,,,,,,,,,,,,,
ME22B1007,E,B,S,B,E,E,S,A,C,S,C,E,S,D,S,A,S,,,,,,,,,,,,,,,,,,,,,,,,,,,,,,,,,,,,,,,,,,,,,,,,,,,,,,,,,,,,,,,,,,,,,,,,,,,,,,,,,,,,,
ME22B1008,C,A,B,C,C,B,S,S,S,D,E,D,B,A,A,S,C,,,,,,,,,,,,,,,,,,,,,,,,,,,,,,,,,,,,,,,,,,,,,,,,,,,,,,,,,,,,,,,,,,,,,,,,,,,,,,,,,,,,,
ME22B1009,C,E,D,E,S,A,S,B,S,D,E,E,A,D,C,B,S,,,,,,,,,,,,,,,,,,,,,,,,,,,,,,,,,,,,,,,,,,,,,,,,,,,,,,,,,,,,,,,,,,,,,,,,,,,,,,,,,,,,,
ME22B1010,E,D,B,C,D,D,B,D,E,E,A,B,C,E,C,A,S,,,,,,,,,,,,,,,,,,,,,,,,,,,,,,,,,,,,,,,,,,,,,,,,,,,,,,,,,,,,,,,,,,,,,,,,,,,,,,,,,,,,,
ME22B1011,B,A,E,B,E,B,A,S,D,D,E,B,E,E,B,A,C,,,,,,,,,,,,,,,,,,,,,,,,,,,,,,,,,,,,,,,,,,,,,,,,,,,,,,,,,,,,,,,,,,,,,,,,,,,,,,,,,,,,,
ME22B1012,D,C,C,S,E,C,C,C,S,D,D,B,D,S,E,S,C,,,,,,,,,,,,,,,,,,,,,,,,,,,,,,,,,,,,,,,,,,,,,,,,,,,,,,,,,,,,,,,,,,,,,,,,,,,,,,,,,,,,,
ME22B1013,B,C,S,E,B,D,S,A,S,D,B,C,A,B,C,A,E,,,,,,,,,,,,,,,,,,,,,,,,,,,,,,,,,,,,,,,,,,,,,,,,,,,,,,,,,,,,,,,,,,,,,,,,,,,,,,,,,,,,,
ME22B1014,D,C,B,C,S,B,S,E,D,D,A,E,C,D,S,A,E,,,,,,,,,,,,,,,,,,,,,,,,,,,,,,,,,,,,,,,,,,,,,,,,,,,,,,,,,,,,,,,,,,,,,,,,,,,,,,,,,,,,,
ME22B1015,E,A,B,C,D,B,E,S,D,A,E,S,S,C,C,C,S,,,,,,,,,,,,,,,,,,,,,,,,,,,,,,,,,,,,,,,,,,,,,,,,,,,,,,,,,,,,,,,,,,,,,,,,,,,,,,,,,,,,,
ME22B1016,D,S,A,E,A,E,D,A,S,E,A,S,S,D,A,S,A,,,,,,,,,,,,,,,,,,,,,,,,,,,,,,,,,,,,,,,,,,,,,,,,,,,,,,,,,,,,,,,,,,,,,,,,,,,,,,,,,,,,,
ME22B1017,C,A,A,D,E,C,E,E,C,C,A,E,E,A,E,C,C,,,,,,,,,,,,,,,,,,,,,,,,,,,,,,,,,,,,,,,,,,,,,,,,,,,,,,,,,,,,,,,,,,,,,,,,,,,,,,,,,,,,,
ME22B1018,C,B,D,B,B,E,C,E,S,S,A,D,S,D,S,E,S,,,,,,,,,,,,,,,,,,,,,,,,,,,,,,,,,,,,,,,,,,,,,,,,,,,,,,,,,,,,,,,,,,,,,,,,,,,,,,,,,,,,,
ME22B1019,E,C,C,C,B,B,C,S,C,C,S,S,D,B,C,D,E,,,,,,,,,,,,,,,,,,,,,,,,,,,,,,,,,,,,,,,,,,,,,,,,,,,,,,,,,,,,,,,,,,,,,,,,,,,,,,,,,,,,,
ME22B1020,A,E,B,D,B,C,B,E,S,E,S,S,A,B,B,D,E,,,,,,,,,,,,,,,,,,,,,,,,,,,,,,,,,,,,,,,,,,,,,,,,,,,,,,,,,,,,,,,,,,,,,,,,,,,,,,,,,,,,,
ME22B1021,D,A,D,E,C,A,D,S,E,C,B,A,E,S,S,D,E,,,,,,,,,,,,,,,,,,,,,,,,,,,,,,,,,,,,,,,,,,,,,,,,,,,,,,,,,,,,,,,,,,,,,,,,,,,,,,,,,,,,,
ME22B1022,A,E,A,S,C,C,B,B,E,B,B,E,B,E,B,E,D,,,,,,,,,,,,,,,,,,,,,,,,,,,,,,,,,,,,,,,,,,,,,,,,,,,,,,,,,,,,,,,,,,,,,,,,,,,,,,,,,,,,,
ME22B1023,B,C,A,E,C,C,B,D,A,S,S,S,S,B,A,C,E,,,,,,,,,,,,,,,,,,,,,,,,,,,,,,,,,,,,,,,,,,,,,,,,,,,,,,,,,,,,,,,,,,,,,,,,,,,,,,,,,,,,,
ME22B1024,S,A,A,B,A,D,A,S,A,E,B,E,E,B,B,C,S,,,,,,,,,,,,,,,,,,,,,,,,,,,,,,,,,,,,,,,,,,,,,,,,,,,,,,,,,,,,,,,,,,,,,,,,,,,,,,,,,,,,,
ME22B1025,S,B,D,E,C,B,A,C,B,D,A,S,C,C,A,A,B,,,,,,,,,,,,,,,,,,,,,,,,,,,,,,,,,,,,,,,,,,,,,,,,,,,,,,,,,,,,,,,,,,,,,,,,,,,,,,,,,,,,,
ME22B1026,S,C,B,E,A,C,B,S,S,A,D,B,S,B,B,C,D,,,,,,,,,,,,,,,,,,,,,,,,,,,,,,,,,,,,,,,,,,,,,,,,,,,,,,,,,,,,,,,,,,,,,,,,,,,,,,,,,,,,,
ME22B1027,D,C,D,S,D,A,B,C,A,E,D,E,S,B,C,D,B,,,,,,,,,,,,,,,,,,,,,,,,,,,,,,,,,,,,,,,,,,,,,,,,,,,,,,,,,,,,,,,,,,,,,,,,,,,,,,,,,,,,,
ME22B1028,S,A,S,D,B,D,A,E,S,A,A,C,S,B,B,S,C,,,,,,,,,,,,,,,,,,,,,,,,,,,,,,,,,,,,,,,,,,,,,,,,,,,,,,,,,,,,,,,,,,,,,,,,,,,,,,,,,,,,,
ME22B1029,B,C,C,C,D,A,D,A,B,S,A,B,D,S,B,S,S,,,,,,,,,,,,,,,,,,,,,,,,,,,,,,,,,,,,,,,,,,,,,,,,,,,,,,,,,,,,,,,,,,,,,,,,,,,,,,,,,,,,,
ME22B1030,A,D,E,S,D,C,S,B,D,B,E,B,A,E,D,C,E,,,,,,,,,,,,,,,,,,,,,,,,,,,,,,,,,,,,,,,,,,,,,,,,,,,,,,,,,,,,,,,,,,,,,,,,,,,,,,,,,,,,,
ME22B1031,S,C,A,S,E,E,C,A,B,C,C,A,S,D,S,C,A,,,,,,,,,,,,,,,,,,,,,,,,,,,,,,,,,,,,,,,,,,,,,,,,,,,,,,,,,,,,,,,,,,,,,,,,,,,,,,,,,,,,,
ME22B1032,S,D,D,D,D,C,A,C,C,C,S,D,A,D,E,B,B,,,,,,,,,,,,,,,,,,,,,,,,,,,,,,,,,,,,,,,,,,,,,,,,,,,,,,,,,,,,,,,,,,,,,,,,,,,,,,,,,,,,,
ME22B1033,A,D,A,B,D,S,C,S,D,A,D,A,S,S,A,D,D,,,,,,,,,,,,,,,,,,,,,,,,,,,,,,,,,,,,,,,,,,,,,,,,,,,,,,,,,,,,,,,,,,,,,,,,,,,,,,,,,,,,,
ME22B1034,C,S,C,S,B,E,D,B,S,B,E,B,C,A,C,E,S,,,,,,,,,,,,,,,,,,,,,,,,,,,,,,,,,,,,,,,,,,,,,,,,,,,,,,,,,,,,,,,,,,,,,,,,,,,,,,,,,,,,,
ME22B1035,D,C,B,D,C,A,A,C,A,D,E,B,E,S,D,C,S,,,,,,,,,,,,,,,,,,,,,,,,,,,,,,,,,,,,,,,,,,,,,,,,,,,,,,,,,,,,,,,,,,,,,,,,,,,,,,,,,,,,,
ME22B1036,E,C,S,S,A,E,S,E,D,E,S,B,D,S,D,D,S,,,,,,,,,,,,,,,,,,,,,,,,,,,,,,,,,,,,,,,,,,,,,,,,,,,,,,,,,,,,,,,,,,,,,,,,,,,,,,,,,,,,,
ME22B1037,A,E,S,S,C,D,A,E,E,S,B,A,D,C,A,B,S,,,,,,,,,,,,,,,,,,,,,,,,,,,,,,,,,,,,,,,,,,,,,,,,,,,,,,,,,,,,,,,,,,,,,,,,,,,,,,,,,,,,,
ME22B1038,A,A,E,S,D,E,A,A,B,A,A,C,S,C,B,D,B,,,,,,,,,,,,,,,,,,,,,,,,,,,,,,,,,,,,,,,,,,,,,,,,,,,,,,,,,,,,,,,,,,,,,,,,,,,,,,,,,,,,,
ME22B1039,A,E,E,B,E,A,D,B,C,A,C,E,C,D,C,S,B,,,,,,,,,,,,,,,,,,,,,,,,,,,,,,,,,,,,,,,,,,,,,,,,,,,,,,,,,,,,,,,,,,,,,,,,,,,,,,,,,,,,,
ME22B1040,S,A,C,D,C,S,B,A,A,A,A,B,A,C,D,C,C,,,,,,,,,,,,,,,,,,,,,,,,,,,,,,,,,,,,,,,,,,,,,,,,,,,,,,,,,,,,,,,,,,,,,,,,,,,,,,,,,,,,,
ME22B1041,A,D,C,A,E,E,E,B,E,C,A,D,D,B,C,C,E,,,,,,,,,,,,,,,,,,,,,,,,,,,,,,,,,,,,,,,,,,,,,,,,,,,,,,,,,,,,,,,,,,,,,,,,,,,,,,,,,,,,,
ME22B1042,B,C,A,S,C,A,D,A,B,A,A,B,C,A,S,D,E,,,,,,,,,,,,,,,,,,,,,,,,,,,,,,,,,,,,,,,,,,,,,,,,,,,,,,,,,,,,,,,,,,,,,,,,,,,,,,,,,,,,,
ME22B1043,C,B,E,D,A,B,B,E,C,B,C,A,E,A,E,E,S,,,,,,,,,,,,,,,,,,,,,,,,,,,,,,,,,,,,,,,,,,,,,,,,,,,,,,,,,,,,,,,,,,,,,,,,,,,,,,,,,,,,,
ME22B1044,E,B,S,B,S,A,D,S,C,A,B,A,S,E,C,A,B,,,,,,,,,,,,,,,,,,,,,,,,,,,,,,,,,,,,,,,,,,,,,,,,,,,,,,,,,,,,,,,,,,,,,,,,,,,,,,,,,,,,,
ME22B1045,B,D,E,B,S,S,B,B,E,A,B,E,A,D,C,C,D,,,,,,,,,,,,,,,,,,,,,,,,,,,,,,,,,,,,,,,,,,,,,,,,,,,,,,,,,,,,,,,,,,,,,,,,,,,,,,,,,,,,,
ME22B1046,S,S,S,S,C,A,A,A,D,B,D,S,E,C,S,E,B,,,,,,,,,,,,,,,,,,,,,,,,,,,,,,,,,,,,,,,,,,,,,,,,,,,,,,,,,,,,,,,,,,,,,,,,,,,,,,,,,,,,,
ME22B1047,B,D,C,A,D,D,A,D,B,B,E,S,B,A,B,S,B,,,,,,,,,,,,,,,,,,,,,,,,,,,,,,,,,,,,,,,,,,,,,,,,,,,,,,,,,,,,,,,,,,,,,,,,,,,,,,,,,,,,,
ME22B1048,E,D,D,C,C,S,A,C,S,D,D,B,S,E,C,B,D,,,,,,,,,,,,,,,,,,,,,,,,,,,,,,,,,,,,,,,,,,,,,,,,,,,,,,,,,,,,,,,,,,,,,,,,,,,,,,,,,,,,,
ME22B1049,E,S,D,C,S,B,S,D,D,A,S,B,S,B,A,A,B,,,,,,,,,,,,,,,,,,,,,,,,,,,,,,,,,,,,,,,,,,,,,,,,,,,,,,,,,,,,,,,,,,,,,,,,,,,,,,,,,,,,,
ME22B1050,A,S,B,C,B,B,C,B,C,A,E,E,B,C,D,A,C,,,,,,,,,,,,,,,,,,,,,,,,,,,,,,,,,,,,,,,,,,,,,,,,,,,,,,,,,,,,,,,,,,,,,,,,,,,,,,,,,,,,,
ME22B1051,C,B,B,B,S,A,E,S,C,C,B,B,B,B,S,S,C,,,,,,,,,,,,,,,,,,,,,,,,,,,,,,,,,,,,,,,,,,,,,,,,,,,,,,,,,,,,,,,,,,,,,,,,,,,,,,,,,,,,,
ME22B1052,C,C,B,B,C,C,E,S,S,E,D,A,S,D,B,S,C,,,,,,,,,,,,,,,,,,,,,,,,,,,,,,,,,,,,,,,,,,,,,,,,,,,,,,,,,,,,,,,,,,,,,,,,,,,,,,,,,,,,,
ME22B1053,E,B,E,C,D,D,C,D,A,E,C,D,E,D,D,E,E,,,,,,,,,,,,,,,,,,,,,,,,,,,,,,,,,,,,,,,,,,,,,,,,,,,,,,,,,,,,,,,,,,,,,,,,,,,,,,,,,,,,,
ME22B1054,D,S,B,B,A,C,S,C,A,A,C,S,C,B,A,E,E,,,,,,,,,,,,,,,,,,,,,,,,,,,,,,,,,,,,,,,,,,,,,,,,,,,,,,,,,,,,,,,,,,,,,,,,,,,,,,,,,,,,,
ME22B1055,D,C,E,C,S,E,E,E,D,B,A,B,S,E,S,E,E,,,,,,,,,,,,,,,,,,,,,,,,,,,,,,,,,,,,,,,,,,,,,,,,,,,,,,,,,,,,,,,,,,,,,,,,,,,,,,,,,,,,,
ME22B1056,S,S,S,C,D,E,D,S,D,C,C,D,A,A,D,D,E,,,,,,,,,,,,,,,,,,,,,,,,,,,,,,,,,,,,,,,,,,,,,,,,,,,,,,,,,,,,,,,,,,,,,,,,,,,,,,,,,,,,,
ME22B1057,C,E,B,C,C,D,D,A,A,D,B,S,D,S,E,S,A,,,,,,,,,,,,,,,,,,,,,,,,,,,,,,,,,,,,,,,,,,,,,,,,,,,,,,,,,,,,,,,,,,,,,,,,,,,,,,,,,,,,,
ME22B1058,B,C,A,D,E,C,B,B,D,E,D,S,B,A,B,A,B,,,,,,,,,,,,,,,,,,,,,,,,,,,,,,,,,,,,,,,,,,,,,,,,,,,,,,,,,,,,,,,,,,,,,,,,,,,,,,,,,,,,,
ME22B1059,A,C,A,S,S,A,D,A,C,B,E,B,E,B,B,S,D,,,,,,,,,,,,,,,,,,,,,,,,,,,,,,,,,,,,,,,,,,,,,,,,,,,,,,,,,,,,,,,,,,,,,,,,,,,,,,,,,,,,,
ME22B1060,E,A,C,A,D,E,S,S,B,D,E,B,A,B,C,E,S,,,,,,,,,,,,,,,,,,,,,,,,,,,,,,,,,,,,,,,,,,,,,,,,,,,,,,,,,,,,,,,,,,,,,,,,,,,,,,,,,,,,,
ME22B1061,C,B,D,A,A,B,B,B,E,A,A,A,A,S,B,A,A,,,,,,,,,,,,,,,,,,,,,,,,,,,,,,,,,,,,,,,,,,,,,,,,,,,,,,,,,,,,,,,,,,,,,,,,,,,,,,,,,,,,,
ME22B1062,D,D,B,C,B,A,S,E,S,S,E,S,B,S,S,A,D,,,,,,,,,,,,,,,,,,,,,,,,,,,,,,,,,,,,,,,,,,,,,,,,,,,,,,,,,,,,,,,,,,,,,,,,,,,,,,,,,,,,,
ME22B1063,S,C,E,D,A,E,S,D,A,E,D,B,S,D,E,E,E,,,,,,,,,,,,,,,,,,,,,,,,,,,,,,,,,,,,,,,,,,,,,,,,,,,,,,,,,,,,,,,,,,,,,,,,,,,,,,,,,,,,,
ME22B1064,B,B,A,B,E,E,E,C,A,S,B,A,B,D,D,S,S,,,,,,,,,,,,,,,,,,,,,,,,,,,,,,,,,,,,,,,,,,,,,,,,,,,,,,,,,,,,,,,,,,,,,,,,,,,,,,,,,,,,,
ME22B1065,B,D,A,C,A,C,D,B,D,D,D,A,E,S,S,D,C,,,,,,,,,,,,,,,,,,,,,,,,,,,,,,,,,,,,,,,,,,,,,,,,,,,,,,,,,,,,,,,,,,,,,,,,,,,,,,,,,,,,,
ME22B1066,S,S,D,B,S,E,E,A,C,D,S,E,B,E,A,S,B,,,,,,,,,,,,,,,,,,,,,,,,,,,,,,,,,,,,,,,,,,,,,,,,,,,,,,,,,,,,,,,,,,,,,,,,,,,,,,,,,,,,,
ME22B1067,S,B,E,A,E,D,S,S,S,C,S,D,C,A,D,C,B,,,,,,,,,,,,,,,,,,,,,,,,,,,,,,,,,,,,,,,,,,,,,,,,,,,,,,,,,,,,,,,,,,,,,,,,,,,,,,,,,,,,,
ME22B1068,D,B,C,B,A,B,A,C,S,C,D,A,C,C,C,C,C,,,,,,,,,,,,,,,,,,,,,,,,,,,,,,,,,,,,,,,,,,,,,,,,,,,,,,,,,,,,,,,,,,,,,,,,,,,,,,,,,,,,,
ME22B1069,E,C,B,C,D,C,S,A,D,E,D,D,C,C,E,D,S,,,,,,,,,,,,,,,,,,,,,,,,,,,,,,,,,,,,,,,,,,,,,,,,,,,,,,,,,,,,,,,,,,,,,,,,,,,,,,,,,,,,,
ME22B1070,B,B,A,S,B,S,A,A,A,S,S,D,S,A,C,C,E,,,,,,,,,,,,,,,,,,,,,,,,,,,,,,,,,,,,,,,,,,,,,,,,,,,,,,,,,,,,,,,,,,,,,,,,,,,,,,,,,,,,,
ME22B1071,A,D,B,D,C,D,B,B,C,E,A,E,S,C,D,S,B,,,,,,,,,,,,,,,,,,,,,,,,,,,,,,,,,,,,,,,,,,,,,,,,,,,,,,,,,,,,,,,,,,,,,,,,,,,,,,,,,,,,,
ME22B1072,S,D,C,B,B,D,C,C,D,B,A,B,A,D,S,B,C,,,,,,,,,,,,,,,,,,,,,,,,,,,,,,,,,,,,,,,,,,,,,,,,,,,,,,,,,,,,,,,,,,,,,,,,,,,,,,,,,,,,,
ME22B1073,B,S,B,C,S,S,A,A,C,S,C,D,A,B,A,C,B,,,,,,,,,,,,,,,,,,,,,,,,,,,,,,,,,,,,,,,,,,,,,,,,,,,,,,,,,,,,,,,,,,,,,,,,,,,,,,,,,,,,,
ME22B1074,B,C,E,S,C,C,A,D,A,S,B,E,A,D,C,C,B,,,,,,,,,,,,,,,,,,,,,,,,,,,,,,,,,,,,,,,,,,,,,,,,,,,,,,,,,,,,,,,,,,,,,,,,,,,,,,,,,,,,,
ME22B1075,B,E,E,D,A,A,S,C,D,B,A,C,S,C,A,S,D,,,,,,,,,,,,,,,,,,,,,,,,,,,,,,,,,,,,,,,,,,,,,,,,,,,,,,,,,,,,,,,,,,,,,,,,,,,,,,,,,,,,,
ME22B1076,D,E,A,C,E,B,C,B,S,D,D,E,C,C,C,C,D,,,,,,,,,,,,,,,,,,,,,,,,,,,,,,,,,,,,,,,,,,,,,,,,,,,,,,,,,,,,,,,,,,,,,,,,,,,,,,,,,,,,,
ME22B1077,C,E,C,E,S,B,S,D,A,S,E,D,B,A,D,A,C,,,,,,,,,,,,,,,,,,,,,,,,,,,,,,,,,,,,,,,,,,,,,,,,,,,,,,,,,,,,,,,,,,,,,,,,,,,,,,,,,,,,,
ME22B1078,E,C,E,E,S,B,E,C,S,A,S,A,S,A,B,C,B,,,,,,,,,,,,,,,,,,,,,,,,,,,,,,,,,,,,,,,,,,,,,,,,,,,,,,,,,,,,,,,,,,,,,,,,,,,,,,,,,,,,,
ME22B1079,C,S,D,E,E,D,D,A,B,E,B,B,D,D,S,D,C,,,,,,,,,,,,,,,,,,,,,,,,,,,,,,,,,,,,,,,,,,,,,,,,,,,,,,,,,,,,,,,,,,,,,,,,,,,,,,,,,,,,,
ME22B1080,D,A,D,S,S,S,S,B,E,D,S,E,B,B,D,A,D,,,,,,,,,,,,,,,,,,,,,,,,,,,,,,,,,,,,,,,,,,,,,,,,,,,,,,,,,,,,,,,,,,,,,,,,,,,,,,,,,,,,,
ME22B1081,S,D,D,C,B,A,S,B,C,A,B,E,E,B,D,A,B,,,,,,,,,,,,,,,,,,,,,,,,,,,,,,,,,,,,,,,,,,,,,,,,,,,,,,,,,,,,,,,,,,,,,,,,,,,,,,,,,,,,,
ME22B1082,A,A,C,S,A,S,A,D,B,E,S,C,A,C,C,E,A,,,,,,,,,,,,,,,,,,,,,,,,,,,,,,,,,,,,,,,,,,,,,,,,,,,,,,,,,,,,,,,,,,,,,,,,,,,,,,,,,,,,,
ME22B1083,E,E,A,D,B,A,S,D,S,C,A,S,E,A,B,E,E,,,,,,,,,,,,,,,,,,,,,,,,,,,,,,,,,,,,,,,,,,,,,,,,,,,,,,,,,,,,,,,,,,,,,,,,,,,,,,,,,,,,,
ME22B1084,B,D,D,D,D,S,A,S,D,E,D,C,D,D,D,D,D,,,,,,,,,,,,,,,,,,,,,,,,,,,,,,,,,,,,,,,,,,,,,,,,,,,,,,,,,,,,,,,,,,,,,,,,,,,,,,,,,,,,,
ME22B2001,,,,,,,,,,,,,,,,,,,,,,,D,S,D,D,E,B,D,A,C,C,B,B,B,S,A,E,D,D,E,D,B,,,,,,,,,,,,,,,,,,,,,,,,,,,,,,,,,,,,,,,,,,,,,,,,,,,,,,,,,,,
ME22B2002,,,,,,,,,,,,,,,,,,,,,,,A,A,S,S,A,B,B,A,C,E,A,E,A,D,D,C,D,C,A,A,D,,,,,,,,,,,,,,,,,,,,,,,,,,,,,,,,,,,,,,,,,,,,,,,,,,,,,,,,,,,
ME22B2003,,,,,,,,,,,,,,,,,,,,,,,S,B,D,E,B,S,D,D,E,S,C,A,S,D,C,S,B,D,D,E,E,,,,,,,,,,,,,,,,,,,,,,,,,,,,,,,,,,,,,,,,,,,,,,,,,,,,,,,,,,,
ME22B2004,,,,,,,,,,,,,,,,,,,,,,,A,D,S,B,B,C,E,C,S,A,C,E,A,S,C,C,E,B,B,S,S,,,,,,,,,,,,,,,,,,,,,,,,,,,,,,,,,,,,,,,,,,,,,,,,,,,,,,,,,,,
ME22B2005,,,,,,,,,,,,,,,,,,,,,,,A,D,E,C,A,E,E,C,B,S,C,A,C,B,S,B,A,B,S,E,D,,,,,,,,,,,,,,,,,,,,,,,,,,,,,,,,,,,,,,,,,,,,,,,,,,,,,,,,,,,
ME22B2006,,,,,,,,,,,,,,,,,,,,,,,E,E,B,B,E,A,S,E,C,D,S,S,A,A,E,C,E,D,E,C,B,,,,,,,,,,,,,,,,,,,,,,,,,,,,,,,,,,,,,,,,,,,,,,,,,,,,,,,,,,,
ME22B2007,,,,,,,,,,,,,,,,,,,,,,,E,S,D,C,A,B,S,E,D,S,D,S,C,A,S,S,C,D,C,C,B,,,,,,,,,,,,,,,,,,,,,,,,,,,,,,,,,,,,,,,,,,,,,,,,,,,,,,,,,,,
ME22B2008,,,,,,,,,,,,,,,,,,,,,,,E,C,E,S,E,S,E,C,C,S,A,D,S,B,D,C,S,B,E,C,D,,,,,,,,,,,,,,,,,,,,,,,,,,,,,,,,,,,,,,,,,,,,,,,,,,,,,,,,,,,
ME22B2009,,,,,,,,,,,,,,,,,,,,,,,B,A,A,E,B,S,D,C,C,E,S,A,B,B,C,C,A,A,A,S,S,,,,,,,,,,,,,,,,,,,,,,,,,,,,,,,,,,,,,,,,,,,,,,,,,,,,,,,,,,,
ME22B2010,,,,,,,,,,,,,,,,,,,,,,,C,C,A,S,A,S,C,C,E,S,S,C,B,S,B,A,B,A,A,S,A,,,,,,,,,,,,,,,,,,,,,,,,,,,,,,,,,,,,,,,,,,,,,,,,,,,,,,,,,,,
ME22B2011,,,,,,,,,,,,,,,,,,,,,,,S,E,A,C,D,C,B,C,S,S,E,D,B,B,S,S,D,D,D,C,D,,,,,,,,,,,,,,,,,,,,,,,,,,,,,,,,,,,,,,,,,,,,,,,,,,,,,,,,,,,
ME22B2012,,,,,,,,,,,,,,,,,,,,,,,E,E,B,B,E,C,E,B,D,B,A,S,S,S,A,B,D,C,E,S,A,,,,,,,,,,,,,,,,,,,,,,,,,,,,,,,,,,,,,,,,,,,,,,,,,,,,,,,,,,,
ME22B2013,,,,,,,,,,,,,,,,,,,,,,,S,C,C,A,B,A,B,A,B,C,E,E,S,S,B,E,A,S,S,S,A,,,,,,,,,,,,,,,,,,,,,,,,,,,,,,,,,,,,,,,,,,,,,,,,,,,,,,,,,,,
ME22B2014,,,,,,,,,,,,,,,,,,,,,,,E,E,S,B,E,D,S,S,C,S,A,B,C,C,C,B,S,D,B,E,D,,,,,,,,,,,,,,,,,,,,,,,,,,,,,,,,,,,,,,,,,,,,,,,,,,,,,,,,,,,
ME22B2015,,,,,,,,,,,,,,,,,,,,,,,A,A,D,S,C,B,D,A,A,A,B,B,B,C,B,S,E,S,C,B,B,,,,,,,,,,,,,,,,,,,,,,,,,,,,,,,,,,,,,,,,,,,,,,,,,,,,,,,,,,,
ME22B2016,,,,,,,,,,,,,,,,,,,,,,,E,D,E,S,A,A,C,S,C,S,B,B,C,C,S,E,E,C,A,D,C,,,,,,,,,,,,,,,,,,,,,,,,,,,,,,,,,,,,,,,,,,,,,,,,,,,,,,,,,,,
ME22B2017,,,,,,,,,,,,,,,,,,,,,,,B,C,C,B,E,E,S,S,E,D,D,S,D,D,E,C,E,D,C,B,D,,,,,,,,,,,,,,,,,,,,,,,,,,,,,,,,,,,,,,,,,,,,,,,,,,,,,,,,,,,
ME22B2018,,,,,,,,,,,,,,,,,,,,,,,E,D,A,E,D,E,S,S,B,E,C,D,C,C,A,E,E,E,S,A,S,,,,,,,,,,,,,,,,,,,,,,,,,,,,,,,,,,,,,,,,,,,,,,,,,,,,,,,,,,,
ME22B2019,,,,,,,,,,,,,,,,,,,,,,,B,A,B,B,C,E,C,S,A,B,A,S,C,C,B,D,E,S,S,A,S,,,,,,,,,,,,,,,,,,,,,,,,,,,,,,,,,,,,,,,,,,,,,,,,,,,,,,,,,,,
ME22B2020,,,,,,,,,,,,,,,,,,,,,,,C,D,B,B,S,A,D,B,C,D,B,C,S,S,A,C,D,S,A,D,C,,,,,,,,,,,,,,,,,,,,,,,,,,,,,,,,,,,,,,,,,,,,,,,,,,,,,,,,,,,
ME22B2021,,,,,,,,,,,,,,,,,,,,,,,C,E,D,C,E,C,C,S,C,D,E,E,B,C,S,B,D,E,B,C,E,,,,,,,,,,,,,,,,,,,,,,,,,,,,,,,,,,,,,,,,,,,,,,,,,,,,,,,,,,,
ME22B2022,,,,,,,,,,,,,,,,,,,,,,,C,D,B,S,S,B,B,A,D,E,C,A,B,A,E,S,S,D,B,E,D,,,,,,,,,,,,,,,,,,,,,,,,,,,,,,,,,,,,,,,,,,,,,,,,,,,,,,,,,,,
ME22B2023,,,,,,,,,,,,,,,,,,,,,,,A,C,A,D,S,B,A,S,D,D,C,S,A,D,D,B,A,C,B,D,B,,,,,,,,,,,,,,,,,,,,,,,,,,,,,,,,,,,,,,,,,,,,,,,,,,,,,,,,,,,
ME22B2024,,,,,,,,,,,,,,,,,,,,,,,E,C,D,A,D,E,B,B,C,C,S,D,C,A,S,S,A,B,S,S,C,,,,,,,,,,,,,,,,,,,,,,,,,,,,,,,,,,,,,,,,,,,,,,,,,,,,,,,,,,,
ME22B2025,,,,,,,,,,,,,,,,,,,,,,,A,S,E,S,S,D,B,B,E,E,B,S,S,E,A,E,S,A,A,S,B,,,,,,,,,,,,,,,,,,,,,,,,,,,,,,,,,,,,,,,,,,,,,,,,,,,,,,,,,,,
ME22B2026,,,,,,,,,,,,,,,,,,,,,,,B,B,B,B,A,S,B,D,C,A,E,A,E,D,S,S,A,B,A,S,E,,,,,,,,,,,,,,,,,,,,,,,,,,,,,,,,,,,,,,,,,,,,,,,,,,,,,,,,,,,
ME22B2027,,,,,,,,,,,,,,,,,,,,,,,E,A,D,B,A,C,D,D,C,D,D,D,C,B,A,E,A,C,E,E,E,,,,,,,,,,,,,,,,,,,,,,,,,,,,,,,,,,,,,,,,,,,,,,,,,,,,,,,,,,,
ME22B2028,,,,,,,,,,,,,,,,,,,,,,,B,E,A,D,D,E,C,A,A,E,D,D,C,C,B,S,S,S,E,S,A,,,,,,,,,,,,,,,,,,,,,,,,,,,,,,,,,,,,,,,,,,,,,,,,,,,,,,,,,,,
ME22B2029,,,,,,,,,,,,,,,,,,,,,,,S,S,S,B,E,S,S,E,E,E,D,S,D,A,C,C,S,E,A,E,E,,,,,,,,,,,,,,,,,,,,,,,,,,,,,,,,,,,,,,,,,,,,,,,,,,,,,,,,,,,
ME22B2030,,,,,,,,,,,,,,,,,,,,,,,A,B,D,S,S,B,D,S,D,S,D,E,S,A,E,A,A,E,A,D,E,,,,,,,,,,,,,,,,,,,,,,,,,,,,,,,,,,,,,,,,,,,,,,,,,,,,,,,,,,,
ME22B2031,,,,,,,,,,,,,,,,,,,,,,,D,E,D,B,B,D,C,E,S,A,C,B,A,C,B,C,E,D,S,C,A,,,,,,,,,,,,,,,,,,,,,,,,,,,,,,,,,,,,,,,,,,,,,,,,,,,,,,,,,,,
ME22B2032,,,,,,,,,,,,,,,,,,,,,,,D,B,C,C,A,D,A,C,B,D,A,B,B,E,A,D,S,S,S,S,A,,,,,,,,,,,,,,,,,,,,,,,,,,,,,,,,,,,,,,,,,,,,,,,,,,,,,,,,,,,
ME22B2033,,,,,,,,,,,,,,,,,,,,,,,D,C,C,S,E,A,C,D,A,B,B,D,D,D,A,A,E,S,A,E,C,,,,,,,,,,,,,,,,,,,,,,,,,,,,,,,,,,,,,,,,,,,,,,,,,,,,,,,,,,,
ME22B2034,,,,,,,,,,,,,,,,,,,,,,,S,C,C,E,B,D,C,B,S,S,C,S,D,C,D,A,E,A,B,C,D,,,,,,,,,,,,,,,,,,,,,,,,,,,,,,,,,,,,,,,,,,,,,,,,,,,,,,,,,,,
ME22B2035,,,,,,,,,,,,,,,,,,,,,,,B,C,A,B,D,E,A,A,S,D,S,D,D,B,B,A,D,B,C,E,C,,,,,,,,,,,,,,,,,,,,,,,,,,,,,,,,,,,,,,,,,,,,,,,,,,,,,,,,,,,
ME22B2036,,,,,,,,,,,,,,,,,,,,,,,C,E,S,B,C,S,D,S,S,C,A,D,E,S,D,S,B,D,D,D,D,,,,,,,,,,,,,,,,,,,,,,,,,,,,,,,,,,,,,,,,,,,,,,,,,,,,,,,,,,,
ME22B2037,,,,,,,,,,,,,,,,,,,,,,,A,D,C,E,B,A,B,A,D,D,C,D,C,E,E,C,B,E,B,C,B,,,,,,,,,,,,,,,,,,,,,,,,,,,,,,,,,,,,,,,,,,,,,,,,,,,,,,,,,,,
ME22B2038,,,,,,,,,,,,,,,,,,,,,,,S,C,E,B,S,C,B,D,D,C,A,D,A,B,C,S,A,C,B,C,S,,,,,,,,,,,,,,,,,,,,,,,,,,,,,,,,,,,,,,,,,,,,,,,,,,,,,,,,,,,
ME22B2039,,,,,,,,,,,,,,,,,,,,,,,D,E,E,E,S,B,E,E,C,B,E,S,A,S,B,A,C,A,B,D,E,,,,,,,,,,,,,,,,,,,,,,,,,,,,,,,,,,,,,,,,,,,,,,,,,,,,,,,,,,,
ME22B2040,,,,,,,,,,,,,,,,,,,,,,,C,S,S,A,A,B,C,C,D,A,S,S,E,B,D,D,S,B,C,C,C,,,,,,,,,,,,,,,,,,,,,,,,,,,,,,,,,,,,,,,,,,,,,,,,,,,,,,,,,,,
